NO_UF,SG_UF,CO_UF,NO_MUNICIPIO,CO_MUNICIPIO,CO_ENTIDADE,TP_DEPENDENCIA,REDE,TP_LOCALIZACAO,TP_SITUACAO_FUNCIONAMENTO,IN_DESKTOP_ALUNO,QT_DESKTOP_ALUNO,IN_COMP_PORTATIL_ALUNO,QT_COMP_PORTATIL_ALUNO,IN_TABLET_ALUNO,QT_TABLET_ALUNO,IN_INTERNET,IN_INTERNET_ALUNOS,IN_INTERNET_APRENDIZAGEM,TP_REDE_LOCAL,IN_BANDA_LARGA,IN_REGULAR,QT_MAT_BAS,QT_MAT_BAS_D,QT_MAT_BAS_N,QT_DOC_BAS,QT_TUR_BAS,QT_MAT_INF,QT_MAT_INF_CRE,QT_MAT_INF_PRE,QT_MAT_FUND,QT_MAT_FUND_AI,QT_MAT_FUND_AF,QT_MAT_MED,QT_MAT_PROF,QT_MAT_PROF_TEC,QT_MAT_EJA,QT_MAT_EJA_FUND,QT_MAT_EJA_MED,QT_MAT_ESP,QT_MAT_ESP_CC,QT_MAT_ESP_CE,mat_maior_turno,maior_turno,proxy_maior_turno,TCP_DOWN_MBPS,LAST_MEASURE2,n_disp_est,est_por_disp,nivel_dispos,i_dispos,vel_est,i_conec_simet,ano,Competência,versao,base,data_quest,i_comp,soma_i,i_viab,tam_esc,in_INF,in_FUND_AI,in_FUND_AF,atend_etapas0,apoio_IEC,apoio_CIEB,assessoria_cieb0,Destinação,Vl Devido Custeio,Vl Devido Capital,Vl Devido Total,Vl Ajuste Custeio,Vl Ajuste Capital,Vl Ajuste Total,Vl Final Devido Total,Vl Pago Custeio,Vl Pago Capital,Valor Pago Total,Data Ord. Pgto,in_MED
Pará,PA,15,Pau D'Arco,1505551,15130959,3,Municipal,2,1,1,1,0,0,0,0,0,0,0,0,NA,1,26,26,0,17,2,4,0,4,22,22,0,0,0,0,0,0,0,1,1,0,26,DIURNO,26,NA,NA,1,26,1,0,NA,NA,NA,NA,NA,NA,NA,NA,NA,NA,P,EI,EF_AI,,EI_EF_AI,NA,NA,NA,PDDE QUALIDADE / Educacao Conectada 2021,"1.560,01","890,99","2.451,00",0,0,0,"2.451,00","1.560,01","890,99","2.451,00",13/10/2021,
Pará,PA,15,Pau D'Arco,1505551,15131572,2,Estadual,1,1,1,24,0,0,0,0,0,0,0,0,NA,1,368,247,121,16,10,0,0,0,0,0,0,368,0,0,0,0,0,3,3,0,247,DIURNO,148,"53,38",2/1/22 16:22,24,"6,166666667",2,0,"0,360675676",0,2018,1,1,CIEB,NA,0,0,0,M,,,,_EM,NA,NA,NA,PDDE QUALIDADE / Educacao Conectada 2021,0,"3.328,00","3.328,00",0,0,0,"3.328,00",0,0,0,,EM
Pará,PA,15,Pau D'Arco,1505551,15160467,3,Municipal,2,1,0,0,0,0,0,0,0,0,0,9,NA,1,27,27,0,37,2,8,0,8,19,19,0,0,0,0,0,0,0,0,0,0,27,DIURNO,27,NA,NA,0,NA,1,0,NA,NA,NA,NA,NA,NA,NA,NA,NA,NA,P,EI,EF_AI,,EI_EF_AI,NA,NA,NA,-,-,-,-,-,-,-,-,-,-,-,-,
Pará,PA,15,Pau D'Arco,1505551,15528294,3,Municipal,2,1,0,0,0,0,0,0,0,0,0,9,NA,1,27,27,0,2,1,0,0,0,27,27,0,0,0,0,0,0,0,0,0,0,27,DIURNO,27,NA,NA,0,NA,1,0,NA,NA,NA,NA,NA,NA,NA,NA,NA,NA,P,,EF_AI,,_EF_AI,NA,NA,NA,-,-,-,-,-,-,-,-,-,-,-,-,
Pará,PA,15,Pau D'Arco,1505551,15534847,3,Municipal,2,1,0,0,0,0,0,0,1,1,0,2,0,1,220,220,0,9,8,27,0,27,193,79,114,0,0,0,0,0,0,3,3,0,220,DIURNO,112,NA,NA,0,NA,1,0,NA,NA,2021,2,1,MEC,9/14/21 16:55,0,1,0,M,EI,EF_AI,EF_AF,EI_EF_AI_EF_AF_,NA,NA,NA,PDDE QUALIDADE / Educacao Conectada 2021,"1.560,01","890,99","2.451,00",0,0,0,"2.451,00","1.560,01","890,99","2.451,00",13/10/2021,
Pará,PA,15,Pau D'Arco,1505551,15539580,3,Municipal,2,1,0,0,0,0,0,0,1,0,0,9,0,1,83,83,0,18,7,9,0,9,74,36,38,0,0,0,0,0,0,0,0,0,83,DIURNO,45,NA,NA,0,NA,1,0,NA,NA,NA,NA,NA,NA,NA,NA,NA,NA,P,EI,EF_AI,EF_AF,EI_EF_AI_EF_AF_,NA,NA,NA,PDDE QUALIDADE / Educacao Conectada 2021,"1.560,01","890,99","2.451,00",0,0,0,"2.451,00","1.560,01","890,99","2.451,00",13/10/2021,
Pará,PA,15,Pau D'Arco,1505551,15539601,3,Municipal,1,1,1,1,1,2,0,0,1,0,0,0,1,1,249,249,0,2,10,0,0,0,249,249,0,0,0,0,0,0,0,12,12,0,249,DIURNO,129,"18,77",3/4/22 21:05,3,43,1,0,"0,145503876",0,2019,1,1,MEC,6/4/19 13:11,0,1,0,M,,EF_AI,,_EF_AI,NA,NA,NA,PDDE QUALIDADE / Educacao Conectada 2021,"1.540,00","1.788,00","3.328,00",0,0,0,"3.328,00","1.540,00","1.788,00","3.328,00",13/10/2021,
Pará,PA,15,Pau D'Arco,1505551,15570029,3,Municipal,2,1,0,0,0,0,0,0,0,0,0,9,NA,1,81,81,0,4,3,10,0,10,71,71,0,0,0,0,0,0,0,0,0,0,81,DIURNO,59,NA,NA,0,NA,1,0,NA,NA,NA,NA,NA,NA,NA,NA,NA,NA,P,EI,EF_AI,,EI_EF_AI,NA,NA,NA,-,-,-,-,-,-,-,-,-,-,-,-,
Pará,PA,15,Pau D'Arco,1505551,15570185,3,Municipal,1,1,0,0,0,0,0,0,0,0,0,9,NA,1,71,71,0,5,4,71,0,71,0,0,0,0,0,0,0,0,0,0,0,0,71,DIURNO,42,NA,NA,0,NA,1,0,NA,NA,2019,1,1,MEC,5/28/19 13:14,0,0,0,P,EI,,,EI_,NA,NA,NA,PDDE QUALIDADE / Educacao Conectada 2021,"1.551,00",900,"2.451,00",0,0,0,"2.451,00","1.551,00",900,"2.451,00",13/10/2021,
Pará,PA,15,Pau D'Arco,1505551,15573095,3,Municipal,1,1,0,0,0,0,0,0,1,1,1,3,1,1,815,761,54,29,25,0,0,0,690,266,424,0,0,0,125,125,0,10,10,0,761,DIURNO,399,"82,38",3/7/22 6:46,0,NA,1,0,"0,206466165",0,2019,1,1,MEC,5/24/19 11:00,0,1,0,G,,EF_AI,EF_AF,_EF_AI_EF_AF_,NA,NA,NA,PDDE QUALIDADE / Educacao Conectada 2021,"1.800,02","2.091,98","3.892,00",0,0,0,"3.892,00","1.800,02","2.091,98","3.892,00",13/10/2021,
Pará,PA,15,Pau D'Arco,1505551,15585093,3,Municipal,1,1,0,0,0,0,0,0,1,0,0,9,0,1,235,235,0,16,14,235,154,81,0,0,0,0,0,0,0,0,0,0,0,0,235,DIURNO,141,NA,NA,0,NA,1,0,NA,NA,2019,1,1,MEC,5/28/19 11:37,0,1,0,M,EI,,,EI_,NA,NA,NA,PDDE QUALIDADE / Educacao Conectada 2021,"1.500,01","1.827,99","3.328,00",0,0,0,"3.328,00","1.500,01","1.827,99","3.328,00",13/10/2021,
Rondonia,RO,11,Espigao D'Oeste,1100098,11027487,3,Municipal,2,1,1,15,1,3,0,0,1,1,0,3,1,1,234,234,0,10,11,30,0,30,204,97,107,0,0,0,0,0,0,8,8,0,234,DIURNO,138,NA,NA,18,"7,666666667",2,0,NA,NA,2019,3,1,MEC,9/24/19 15:59,1,2,0,M,EI,EF_AI,EF_AF,EI_EF_AI_EF_AF_,NA,NA,NA,PDDE QUALIDADE / Educacao Conectada 2021,0,"3.328,00","3.328,00",0,0,0,"3.328,00",0,"3.328,00","3.328,00",13/10/2021,
Rondonia,RO,11,Espigao D'Oeste,1100098,11027533,3,Municipal,2,1,1,8,0,0,0,0,1,0,1,1,0,1,260,260,0,14,12,40,0,40,220,88,132,0,0,0,0,0,0,4,4,0,260,DIURNO,260,NA,NA,8,"32,5",1,0,NA,NA,2019,4,1,MEC,11/5/19 10:51,1,2,0,M,EI,EF_AI,EF_AF,EI_EF_AI_EF_AF_,NA,NA,NA,PDDE QUALIDADE / Educacao Conectada 2021,"1.800,00","1.528,00","3.328,00",0,0,0,"3.328,00","1.800,00","1.528,00","3.328,00",13/10/2021,
Rondonia,RO,11,Espigao D'Oeste,1100098,11027690,2,Estadual,1,1,1,32,1,3,1,1,1,1,1,3,1,1,597,597,0,18,18,0,0,0,597,0,597,0,0,0,0,0,0,17,17,0,597,DIURNO,314,"65,44",3/7/22 18:03,36,"8,722222222",1,0,"0,208407643",0,2019,2,1,MEC,6/3/19 18:35,0,1,0,G,,,EF_AF,EF_AF_,NA,NA,NA,PDDE QUALIDADE / Educacao Conectada 2021,"3.190,00",702,"3.892,00",0,0,0,"3.892,00","3.190,00",702,"3.892,00",29/09/2021,
Rondonia,RO,11,Espigao D'Oeste,1100098,11027754,2,Estadual,1,1,1,14,1,177,0,0,1,1,1,3,1,1,931,931,0,51,34,0,0,0,185,0,185,746,0,0,0,0,0,43,43,0,931,DIURNO,499,"38,63",3/7/22 16:13,191,"2,612565445",3,1,"0,07741483",0,2019,3,1,MEC,6/3/19 22:23,1,3,1,G,,,EF_AF,EF_AF_EM,NA,NA,NA,PDDE QUALIDADE / Educacao Conectada 2021,"3.892,00",0,"3.892,00",0,0,0,"3.892,00","3.892,00",0,"3.892,00",26/11/2021,EM
Rondonia,RO,11,Espigao D'Oeste,1100098,11027762,2,Estadual,1,1,1,19,1,4,1,1,1,1,1,3,1,1,633,633,0,18,20,0,0,0,633,0,633,0,0,0,0,0,0,45,45,0,633,DIURNO,349,"36,38",3/7/22 17:07,24,"14,54166667",1,0,"0,104240688",0,2021,4,3,CIEB,NA,1,2,0,G,,,EF_AF,EF_AF_,NA,NA,NA,PDDE QUALIDADE / Educacao Conectada 2021,"2.280,00","1.612,00","3.892,00",0,0,0,"3.892,00","2.280,00","1.612,00","3.892,00",29/09/2021,
Rondonia,RO,11,Espigao D'Oeste,1100098,11027878,2,Estadual,1,1,1,7,1,2,0,0,1,1,1,2,0,1,153,153,0,12,9,0,0,0,153,64,89,0,0,0,0,0,0,9,9,0,153,DIURNO,143,"20,68",9/15/21 12:08,9,"15,88888889",1,0,"0,144615385",0,2019,2,1,MEC,6/3/19 17:22,0,1,0,P,,EF_AI,EF_AF,_EF_AI_EF_AF_,NA,NA,NA,PDDE QUALIDADE / Educacao Conectada 2021,201,"2.250,00","2.451,00",0,0,0,"2.451,00",201,"2.250,00","2.451,00",29/09/2021,
Rondonia,RO,11,Espigao D'Oeste,1100098,11027886,3,Municipal,2,1,1,2,0,0,0,0,1,1,1,3,1,1,158,158,0,12,9,19,0,19,139,66,73,0,0,0,0,0,0,2,2,0,158,DIURNO,87,NA,NA,2,"43,5",1,0,NA,NA,2019,1,1,MEC,9/18/19 17:14,0,1,0,P,EI,EF_AI,EF_AF,EI_EF_AI_EF_AF_,NA,NA,NA,PDDE QUALIDADE / Educacao Conectada 2021,"2.451,00",0,"2.451,00",0,0,0,"2.451,00","2.451,00",0,"2.451,00",13/10/2021,
Rondonia,RO,11,Espigao D'Oeste,1100098,11028033,2,Estadual,2,1,0,0,0,0,0,0,0,0,0,9,NA,1,9,9,0,2,2,0,0,0,9,9,0,0,0,0,0,0,0,0,0,0,9,DIURNO,9,NA,NA,0,NA,1,0,NA,NA,2018,1,1,CIEB,NA,0,0,0,P,,EF_AI,,_EF_AI,NA,NA,NA,-,-,-,-,-,-,-,-,-,-,-,-,
Rondonia,RO,11,Espigao D'Oeste,1100098,11028246,2,Estadual,2,1,0,0,1,5,0,0,0,0,0,9,NA,1,115,115,0,34,10,0,0,0,106,57,49,9,0,0,0,0,0,5,5,0,115,DIURNO,69,NA,NA,5,"13,8",1,0,NA,NA,2021,3,3,CIEB,NA,1,1,0,P,,EF_AI,EF_AF,_EF_AI_EF_AF_EM,NA,NA,NA,PDDE QUALIDADE / Educacao Conectada 2020,605,"1.846,00","2.451,00",0,0,0,"2.451,00",605,"1.846,00","2.451,00",09/12/2021,EM
Rondonia,RO,11,Espigao D'Oeste,1100098,11028335,3,Municipal,1,1,1,3,1,4,0,0,1,1,1,3,1,1,407,407,0,16,21,47,0,47,360,182,178,0,0,0,0,0,0,12,12,0,407,DIURNO,224,NA,NA,7,32,1,0,NA,NA,2019,2,1,MEC,9/10/19 11:41,0,1,0,M,EI,EF_AI,EF_AF,EI_EF_AI_EF_AF_,NA,NA,NA,PDDE QUALIDADE / Educacao Conectada 2021,0,"3.328,00","3.328,00",0,0,0,"3.328,00",0,"3.328,00","3.328,00",13/10/2021,
Rondonia,RO,11,Espigao D'Oeste,1100098,11028424,2,Estadual,1,1,1,19,0,0,0,0,1,1,1,3,1,1,406,406,0,22,11,0,0,0,0,0,0,406,0,0,0,0,0,10,10,0,406,DIURNO,406,"22,88",12/15/21 11:33,19,"21,36842105",1,0,"0,05635468",0,2019,3,1,MEC,6/5/19 14:13,1,2,0,M,,,,_EM,NA,NA,NA,PDDE QUALIDADE / Educacao Conectada 2021,"1.500,00","1.828,00","3.328,00",0,0,0,"3.328,00","1.500,00","1.828,00","3.328,00",29/09/2021,EM
Rondonia,RO,11,Espigao D'Oeste,1100098,11037237,2,Estadual,1,1,1,24,0,0,0,0,1,1,1,2,1,0,348,8,136,18,12,0,0,0,0,0,0,0,0,0,348,134,214,4,4,0,136,NOTURNO,136,"27,79",3/7/22 11:05,24,"5,666666667",2,0,"0,204338235",0,NA,NA,NA,NA,NA,NA,NA,NA,M,,,,,NA,NA,NA,PDDE QUALIDADE / Educacao Conectada 2021,"2.628,00",700,"3.328,00",0,0,0,"3.328,00","2.628,00",700,"3.328,00",29/09/2021,
Rondonia,RO,11,Espigao D'Oeste,1100098,11038586,3,Municipal,1,1,1,8,1,4,0,0,1,0,1,3,1,1,341,341,0,26,13,0,0,0,341,341,0,0,0,0,0,0,0,17,17,0,341,DIURNO,171,NA,NA,12,"14,25",1,0,NA,NA,2019,2,1,MEC,11/11/19 12:57,0,1,0,M,,EF_AI,,_EF_AI,NA,NA,NA,PDDE QUALIDADE / Educacao Conectada 2021,0,"3.328,00","3.328,00",0,0,0,"3.328,00",0,"3.328,00","3.328,00",13/10/2021,
Rondonia,RO,11,Espigao D'Oeste,1100098,11042648,2,Estadual,2,1,0,0,1,7,0,0,0,0,0,9,NA,1,66,66,0,12,9,0,0,0,50,27,23,16,0,0,0,0,0,0,0,0,66,DIURNO,35,NA,NA,7,5,3,1,NA,NA,2021,3,3,CIEB,NA,1,2,0,P,,EF_AI,EF_AF,_EF_AI_EF_AF_EM,NA,NA,NA,-,-,-,-,-,-,-,-,-,-,-,-,EM
Rondonia,RO,11,Espigao D'Oeste,1100098,11043865,2,Estadual,2,1,0,0,0,0,0,0,1,0,1,9,1,1,63,63,0,7,10,0,0,0,57,29,28,6,0,0,0,0,0,2,2,0,63,DIURNO,34,NA,NA,0,NA,1,0,NA,NA,2021,3,3,CIEB,NA,1,2,0,P,,EF_AI,EF_AF,_EF_AI_EF_AF_EM,NA,NA,NA,-,-,-,-,-,-,-,-,-,-,-,-,EM
Rondonia,RO,11,Espigao D'Oeste,1100098,11044519,3,Municipal,1,1,1,2,0,0,0,0,1,0,1,2,0,1,338,338,0,15,16,338,92,246,0,0,0,0,0,0,0,0,0,13,13,0,338,DIURNO,170,"47,24",3/7/22 15:12,2,85,1,0,"0,277882353",0,2019,1,1,MEC,9/19/19 12:22,0,1,0,M,EI,,,EI_,NA,NA,NA,PDDE QUALIDADE / Educacao Conectada 2021,157,"3.171,00","3.328,00",0,0,0,"3.328,00",157,"3.171,00","3.328,00",13/10/2021,
Rondonia,RO,11,Espigao D'Oeste,1100098,11044527,3,Municipal,1,1,0,0,0,0,0,0,1,0,1,3,1,1,476,476,0,15,20,94,0,94,382,382,0,0,0,0,0,0,0,26,26,0,476,DIURNO,249,"42,98",3/7/22 18:29,0,NA,1,0,"0,172610442",0,2019,2,1,MEC,5/28/19 17:23,0,1,0,M,EI,EF_AI,,EI_EF_AI,NA,NA,NA,PDDE QUALIDADE / Educacao Conectada 2021,"2.736,00",592,"3.328,00",0,0,0,"3.328,00","2.736,00",592,"3.328,00",13/10/2021,
Rondonia,RO,11,Espigao D'Oeste,1100098,11046783,3,Municipal,1,1,0,0,0,0,0,0,1,0,1,3,1,1,220,220,0,3,10,220,63,157,0,0,0,0,0,0,0,0,0,7,7,0,220,DIURNO,121,"33,56",3/7/22 16:23,0,NA,1,0,"0,277355372",0,2019,1,1,MEC,10/9/19 10:41,0,1,0,M,EI,,,EI_,NA,NA,NA,PDDE QUALIDADE / Educacao Conectada 2021,"2.428,00",900,"3.328,00",0,0,0,"3.328,00","2.428,00",900,"3.328,00",13/10/2021,
Rondonia,RO,11,Espigao D'Oeste,1100098,11046872,3,Municipal,1,1,0,0,0,0,0,0,1,1,1,3,1,1,372,372,0,10,14,0,0,0,372,372,0,0,0,0,0,0,0,12,12,0,372,DIURNO,190,"38,07",2/7/22 11:21,0,NA,1,0,"0,200368421",0,2019,2,1,MEC,9/19/19 17:49,0,1,0,M,,EF_AI,,_EF_AI,NA,NA,NA,PDDE QUALIDADE / Educacao Conectada 2021,"3.328,00",0,"3.328,00",0,0,0,"3.328,00","3.328,00",0,"3.328,00",13/10/2021,
Rondonia,RO,11,Espigao D'Oeste,1100098,11047607,2,Estadual,2,1,0,0,0,0,0,0,0,0,0,9,NA,1,5,5,0,3,1,0,0,0,5,5,0,0,0,0,0,0,0,0,0,0,5,DIURNO,5,NA,NA,0,NA,1,0,NA,NA,2021,3,3,CIEB,NA,1,1,0,P,,EF_AI,,_EF_AI,NA,NA,NA,-,-,-,-,-,-,-,-,-,-,-,-,
Rondonia,RO,11,Espigao D'Oeste,1100098,11049987,2,Estadual,2,1,0,0,0,0,0,0,0,0,0,9,NA,1,5,5,0,8,1,0,0,0,5,5,0,0,0,0,0,0,0,0,0,0,5,DIURNO,5,NA,NA,0,NA,1,0,NA,NA,2018,1,1,CIEB,NA,0,0,0,P,,EF_AI,,_EF_AI,NA,NA,NA,-,-,-,-,-,-,-,-,-,-,-,-,
Rondonia,RO,11,Espigao D'Oeste,1100098,11106816,2,Estadual,1,1,1,16,1,3,0,0,1,1,1,1,1,1,344,344,0,10,14,0,0,0,344,344,0,0,0,0,0,0,0,12,12,0,344,DIURNO,172,"13,03",3/3/22 10:22,19,"9,052631579",1,0,"0,075755814",0,2018,1,1,CIEB,NA,0,1,0,M,,EF_AI,,_EF_AI,NA,NA,NA,PDDE QUALIDADE / Educacao Conectada 2021,"3.327,00",1,"3.328,00",0,0,0,"3.328,00","3.327,00",1,"3.328,00",12/11/2021,
Paraiba,PB,25,Baia da Traicao,2501401,25085859,3,Municipal,2,1,0,0,1,1,0,0,1,0,0,2,1,1,136,109,27,4,9,31,11,20,78,78,0,0,0,0,27,27,0,0,0,0,109,DIURNO,58,NA,NA,1,58,1,0,NA,NA,2019,2,1,MEC,5/30/19 12:15,0,1,0,P,EI,EF_AI,,EI_EF_AI,NA,NA,NA,PDDE QUALIDADE / Educacao Conectada 2021,"2.451,00",0,"2.451,00",0,0,0,"2.451,00","2.451,00",0,"2.451,00",16/12/2021,
Paraiba,PB,25,Baia da Traicao,2501401,25085875,2,Estadual,1,1,1,1,1,1,0,0,1,1,1,3,1,1,422,196,226,6,14,0,0,0,66,0,66,130,50,50,226,84,142,7,7,0,226,NOTURNO,226,"50,85",3/11/21 6:09,2,113,1,0,"0,225",0,2018,2,1,CIEB,NA,0,1,0,M,,,EF_AF,EF_AF_EM,NA,NA,NA,PDDE QUALIDADE / Educacao Conectada 2021,"2.401,00",927,"3.328,00",0,0,0,"3.328,00",0,0,0,,EM
Paraiba,PB,25,Baia da Traicao,2501401,25085883,3,Municipal,1,1,0,0,0,0,0,0,1,1,1,2,1,1,537,462,75,4,22,0,0,0,462,142,320,0,0,0,75,75,0,26,26,0,462,DIURNO,236,NA,NA,0,NA,1,0,NA,NA,NA,NA,NA,NA,NA,NA,NA,NA,G,,EF_AI,EF_AF,_EF_AI_EF_AF_,NA,NA,NA,PDDE QUALIDADE / Educacao Conectada 2021,"3.328,00",0,"3.328,00",0,0,0,"3.328,00","3.328,00",0,"3.328,00",26/11/2021,
Paraiba,PB,25,Baia da Traicao,2501401,25085930,3,Municipal,2,1,0,0,1,1,0,0,1,0,0,2,1,1,65,48,17,4,5,20,8,12,28,28,0,0,0,0,17,17,0,0,0,0,48,DIURNO,29,NA,NA,1,29,1,0,NA,NA,2019,2,1,MEC,5/27/19 15:22,0,1,0,P,EI,EF_AI,,EI_EF_AI,NA,NA,NA,-,-,-,-,-,-,-,-,-,-,-,-,
Paraiba,PB,25,Baia da Traicao,2501401,25085948,3,Municipal,2,1,0,0,1,1,0,0,1,0,0,2,0,1,46,36,10,6,4,13,5,8,23,23,0,0,0,0,10,10,0,1,1,0,36,DIURNO,19,NA,NA,1,19,1,0,NA,NA,NA,NA,NA,NA,NA,NA,NA,NA,P,EI,EF_AI,,EI_EF_AI,NA,NA,NA,PDDE QUALIDADE / Educacao Conectada 2021,"2.451,00",0,"2.451,00",0,0,0,"2.451,00","2.451,00",0,"2.451,00",26/11/2021,
Paraiba,PB,25,Baia da Traicao,2501401,25085956,3,Municipal,2,1,0,0,0,0,0,0,1,0,0,2,1,1,70,48,22,24,6,27,18,9,21,21,0,0,0,0,22,22,0,2,2,0,48,DIURNO,27,NA,NA,0,NA,1,0,NA,NA,2019,2,1,MEC,5/28/19 9:44,0,1,0,P,EI,EF_AI,,EI_EF_AI,NA,NA,NA,PDDE QUALIDADE / Educacao Conectada 2021,"2.451,00",0,"2.451,00",0,0,0,"2.451,00","2.451,00",0,"2.451,00",26/11/2021,
Paraiba,PB,25,Baia da Traicao,2501401,25085964,3,Municipal,2,1,1,1,0,0,0,0,0,0,0,2,NA,1,38,38,0,11,4,16,6,10,22,22,0,0,0,0,0,0,0,1,1,0,38,DIURNO,25,NA,NA,1,25,1,0,NA,NA,2019,2,1,MEC,5/24/19 12:04,0,0,0,P,EI,EF_AI,,EI_EF_AI,NA,NA,NA,-,-,-,-,-,-,-,-,-,-,-,-,
Paraiba,PB,25,Baia da Traicao,2501401,25085972,3,Municipal,2,1,0,0,1,1,0,0,1,0,1,2,1,1,54,39,15,33,4,13,0,13,26,26,0,0,0,0,15,15,0,2,2,0,39,DIURNO,20,NA,NA,1,20,1,0,NA,NA,NA,NA,NA,NA,NA,NA,NA,NA,P,EI,EF_AI,,EI_EF_AI,NA,NA,NA,-,-,-,-,-,-,-,-,-,-,-,-,
Paraiba,PB,25,Baia da Traicao,2501401,25085980,3,Municipal,2,1,0,0,0,0,0,0,1,0,1,2,1,1,64,59,5,12,6,28,17,11,31,31,0,0,0,0,5,5,0,0,0,0,59,DIURNO,41,NA,NA,0,NA,1,0,NA,NA,2019,2,1,MEC,5/24/19 11:38,0,1,0,P,EI,EF_AI,,EI_EF_AI,NA,NA,NA,PDDE QUALIDADE / Educacao Conectada 2021,"2.451,00",0,"2.451,00",0,0,0,"2.451,00","2.451,00",0,"2.451,00",16/12/2021,
Paraiba,PB,25,Baia da Traicao,2501401,25086006,3,Municipal,2,1,0,0,1,2,0,0,1,0,1,2,1,1,301,271,30,15,17,80,41,39,191,103,88,0,0,0,30,30,0,8,8,0,271,DIURNO,163,NA,NA,2,"81,5",1,0,NA,NA,2019,2,1,MEC,5/30/19 9:40,0,1,0,M,EI,EF_AI,EF_AF,EI_EF_AI_EF_AF_,NA,NA,NA,PDDE QUALIDADE / Educacao Conectada 2021,0,"3.328,00","3.328,00",0,0,0,"3.328,00",0,"3.328,00","3.328,00",16/12/2021,
Paraiba,PB,25,Baia da Traicao,2501401,25086014,3,Municipal,2,1,0,0,0,0,0,0,1,0,0,2,1,1,199,184,15,2,11,52,18,34,132,132,0,0,0,0,15,15,0,4,4,0,184,DIURNO,104,NA,NA,0,NA,1,0,NA,NA,2019,1,1,MEC,5/30/19 10:38,0,1,0,P,EI,EF_AI,,EI_EF_AI,NA,NA,NA,PDDE QUALIDADE / Educacao Conectada 2021,0,"2.451,00","2.451,00",0,0,0,"2.451,00",0,"2.451,00","2.451,00",26/11/2021,
Paraiba,PB,25,Baia da Traicao,2501401,25101978,2,Estadual,2,1,1,2,0,0,0,0,1,0,0,0,1,1,353,232,121,13,21,34,16,18,141,60,81,57,0,0,121,72,49,13,13,0,232,DIURNO,141,NA,NA,2,"70,5",1,0,NA,NA,2018,1,1,CIEB,NA,0,1,0,M,EI,EF_AI,EF_AF,EI_EF_AI_EF_AF_EM,NA,NA,NA,PDDE QUALIDADE / Educacao Conectada 2021,240,"3.088,00","3.328,00",0,0,0,"3.328,00",0,0,0,,EM
Paraiba,PB,25,Baia da Traicao,2501401,25103097,3,Municipal,2,1,0,0,0,0,0,0,1,1,1,2,1,1,202,138,64,21,11,68,37,31,70,70,0,0,0,0,64,64,0,4,4,0,138,DIURNO,73,NA,NA,0,NA,1,0,NA,NA,NA,NA,NA,NA,NA,NA,NA,NA,M,EI,EF_AI,,EI_EF_AI,NA,NA,NA,PDDE QUALIDADE / Educacao Conectada 2021,"2.451,00",0,"2.451,00",0,0,0,"2.451,00","2.451,00",0,"2.451,00",16/12/2021,
Paraiba,PB,25,Baia da Traicao,2501401,25109480,3,Municipal,1,1,0,0,1,1,0,0,1,0,1,2,1,1,131,131,0,30,5,131,87,44,0,0,0,0,0,0,0,0,0,1,1,0,131,DIURNO,131,NA,NA,1,131,1,0,NA,NA,2019,1,1,MEC,5/28/19 14:46,0,1,0,P,EI,,,EI_,NA,NA,NA,PDDE QUALIDADE / Educacao Conectada 2021,"2.451,00",0,"2.451,00",0,0,0,"2.451,00","2.451,00",0,"2.451,00",16/12/2021,
Paraiba,PB,25,Baia da Traicao,2501401,25120778,2,Estadual,2,1,1,3,0,0,0,0,1,1,1,0,1,1,460,348,112,11,19,0,0,0,242,65,177,187,0,0,31,31,0,11,11,0,348,DIURNO,245,NA,NA,3,"81,66666667",1,0,NA,NA,2018,1,1,CIEB,NA,0,1,0,M,,EF_AI,EF_AF,_EF_AI_EF_AF_EM,NA,NA,NA,PDDE QUALIDADE / Educacao Conectada 2020,"2.628,00",700,"3.328,00",0,0,0,"3.328,00",0,0,0,,EM
Paraiba,PB,25,Baia da Traicao,2501401,25125281,3,Municipal,2,1,0,0,0,0,0,0,0,0,0,9,NA,1,64,55,9,3,5,20,7,13,35,35,0,0,0,0,9,9,0,0,0,0,55,DIURNO,34,NA,NA,0,NA,1,0,NA,NA,2019,1,1,MEC,6/10/19 11:02,0,0,0,P,EI,EF_AI,,EI_EF_AI,NA,NA,NA,PDDE QUALIDADE / Educacao Conectada 2021,"2.451,00",0,"2.451,00",0,0,0,"2.451,00","2.451,00",0,"2.451,00",11/11/2021,
Paraiba,PB,25,Baia da Traicao,2501401,25126563,3,Municipal,1,1,0,0,1,60,0,0,1,0,1,2,1,1,231,231,0,7,11,83,16,67,148,148,0,0,0,0,0,0,0,6,6,0,231,DIURNO,116,NA,NA,60,"1,933333333",4,1,NA,NA,2019,2,1,MEC,5/24/19 9:39,0,2,0,M,EI,EF_AI,,EI_EF_AI,NA,NA,NA,PDDE QUALIDADE / Educacao Conectada 2021,"3.328,00",0,"3.328,00",0,0,0,"3.328,00","3.328,00",0,"3.328,00",26/11/2021,
Sergipe,SE,28,Santa Luzia do Itanhy,2806305,28025903,2,Estadual,1,1,1,20,1,2,0,0,1,1,1,1,1,1,432,249,183,2,13,0,0,0,0,0,0,333,0,0,99,0,99,5,5,0,249,DIURNO,248,"9,6",3/7/22 7:15,22,"11,27272727",1,0,"0,038709677",0,2018,2,1,CIEB,NA,0,1,0,M,,,,_EM,NA,NA,NA,PDDE QUALIDADE / Educacao Conectada 2021,"3.328,00","0,00","3.328,00",0,0,0,"3.328,00",0,0,0,-,EM
Sergipe,SE,28,Santa Luzia do Itanhy,2806305,28025911,3,Municipal,2,1,0,0,1,1,1,38,1,0,1,2,1,1,103,80,23,3,6,31,18,13,49,49,0,0,0,0,23,23,0,1,1,0,80,DIURNO,50,NA,NA,39,"1,282051282",4,1,NA,NA,2019,3,1,MEC,5/22/19 15:26,1,3,1,P,EI,EF_AI,,EI_EF_AI,NA,NA,NA,-,-,-,-,-,-,-,-,-,-,-,-,
Sergipe,SE,28,Santa Luzia do Itanhy,2806305,28025970,3,Municipal,2,1,0,0,0,0,0,0,0,0,0,9,NA,1,72,72,0,26,5,44,24,20,28,28,0,0,0,0,0,0,0,3,3,0,72,DIURNO,53,NA,NA,0,NA,1,0,NA,NA,2019,2,1,MEC,5/22/19 15:05,0,0,0,P,EI,EF_AI,,EI_EF_AI,NA,NA,NA,-,-,-,-,-,-,-,-,-,-,-,-,
Sergipe,SE,28,Santa Luzia do Itanhy,2806305,28026012,3,Municipal,2,1,0,0,0,0,0,0,0,0,0,9,NA,1,87,68,19,10,5,19,13,6,30,18,12,0,0,0,38,38,0,1,1,0,68,DIURNO,68,NA,NA,0,NA,1,0,NA,NA,2019,3,1,MEC,5/22/19 15:48,1,1,0,P,EI,EF_AI,EF_AF,EI_EF_AI_EF_AF_,NA,NA,NA,-,-,-,-,-,-,-,-,-,-,-,-,
Sergipe,SE,28,Santa Luzia do Itanhy,2806305,28026039,3,Municipal,2,1,0,0,0,0,1,5,1,0,0,9,1,1,255,255,0,14,11,22,14,8,233,95,138,0,0,0,0,0,0,8,8,0,255,DIURNO,141,NA,NA,5,"28,2",1,0,NA,NA,2019,3,1,MEC,5/24/19 13:50,1,2,0,M,EI,EF_AI,EF_AF,EI_EF_AI_EF_AF_,NA,NA,NA,-,-,-,-,-,-,-,-,-,-,-,-,
Sergipe,SE,28,Santa Luzia do Itanhy,2806305,28026047,3,Municipal,2,1,1,4,0,0,0,0,1,1,1,2,1,1,53,53,0,12,4,30,22,8,23,23,0,0,0,0,0,0,0,2,2,0,53,DIURNO,28,NA,NA,4,7,2,0,NA,NA,2019,1,1,MEC,5/22/19 14:47,0,1,0,P,EI,EF_AI,,EI_EF_AI,NA,NA,NA,-,-,-,-,-,-,-,-,-,-,-,-,
Sergipe,SE,28,Santa Luzia do Itanhy,2806305,28026055,3,Municipal,2,1,0,0,0,0,0,0,0,0,0,9,NA,1,78,50,28,3,5,27,20,7,23,23,0,0,0,0,28,28,0,0,0,0,50,DIURNO,34,NA,NA,0,NA,1,0,NA,NA,2019,1,1,MEC,6/5/19 11:49,0,0,0,P,EI,EF_AI,,EI_EF_AI,NA,NA,NA,-,-,-,-,-,-,-,-,-,-,-,-,
Sergipe,SE,28,Santa Luzia do Itanhy,2806305,28026063,3,Municipal,2,1,1,4,1,1,1,44,1,1,1,2,1,1,569,473,96,2,24,126,77,49,347,199,148,0,0,0,96,96,0,13,13,0,473,DIURNO,239,NA,NA,49,"4,87755102",3,1,NA,NA,2019,2,1,MEC,5/23/19 11:48,0,2,0,G,EI,EF_AI,EF_AF,EI_EF_AI_EF_AF_,NA,NA,NA,-,-,-,-,-,-,-,-,-,-,-,-,
Sergipe,SE,28,Santa Luzia do Itanhy,2806305,28026071,3,Municipal,2,1,1,6,1,1,1,34,1,0,0,2,1,1,246,246,0,3,10,36,22,14,210,105,105,0,0,0,0,0,0,4,4,0,246,DIURNO,133,NA,NA,41,"3,243902439",3,1,NA,NA,2019,4,1,MEC,5/22/19 11:30,1,3,1,M,EI,EF_AI,EF_AF,EI_EF_AI_EF_AF_,NA,NA,NA,-,-,-,-,-,-,-,-,-,-,-,-,
Sergipe,SE,28,Santa Luzia do Itanhy,2806305,28026080,3,Municipal,2,1,0,0,0,0,1,34,1,1,0,0,0,1,290,290,0,13,11,39,39,0,251,79,172,0,0,0,0,0,0,18,18,0,290,DIURNO,157,NA,NA,34,"4,617647059",3,1,NA,NA,2019,2,1,MEC,7/16/19 14:58,0,2,0,M,EI,EF_AI,EF_AF,EI_EF_AI_EF_AF_,NA,NA,NA,-,-,-,-,-,-,-,-,-,-,-,-,
Sergipe,SE,28,Santa Luzia do Itanhy,2806305,28026098,3,Municipal,2,1,1,1,1,1,1,42,1,0,1,0,0,1,346,240,106,15,13,56,40,16,184,78,106,0,0,0,106,106,0,6,6,0,240,DIURNO,146,NA,NA,44,"3,318181818",3,1,NA,NA,2019,2,1,MEC,7/11/19 12:16,0,2,0,M,EI,EF_AI,EF_AF,EI_EF_AI_EF_AF_,NA,NA,NA,-,-,-,-,-,-,-,-,-,-,-,-,
Sergipe,SE,28,Santa Luzia do Itanhy,2806305,28026101,3,Municipal,2,1,0,0,0,0,1,30,1,0,1,0,0,1,38,18,20,7,3,18,18,0,0,0,0,0,0,0,20,20,0,0,0,0,20,NOTURNO,20,NA,NA,30,"0,666666667",4,1,NA,NA,2019,4,1,MEC,5/23/19 9:10,1,3,1,P,EI,,,EI_,NA,NA,NA,-,-,-,-,-,-,-,-,-,-,-,-,
Sergipe,SE,28,Santa Luzia do Itanhy,2806305,28026128,3,Municipal,2,1,0,0,0,0,0,0,1,0,1,9,1,1,59,37,22,4,3,37,23,14,0,0,0,0,0,0,22,22,0,0,0,0,37,DIURNO,37,NA,NA,0,NA,1,0,NA,NA,2019,2,1,MEC,5/22/19 9:54,0,1,0,P,EI,,,EI_,NA,NA,NA,-,-,-,-,-,-,-,-,-,-,-,-,
Sergipe,SE,28,Santa Luzia do Itanhy,2806305,28026136,3,Municipal,2,1,1,1,0,0,1,6,0,0,0,0,NA,1,51,51,0,9,3,33,14,19,18,18,0,0,0,0,0,0,0,0,0,0,51,DIURNO,29,NA,NA,7,"4,142857143",3,1,NA,NA,2019,2,1,MEC,5/22/19 14:58,0,1,0,P,EI,EF_AI,,EI_EF_AI,NA,NA,NA,-,-,-,-,-,-,-,-,-,-,-,-,
Sergipe,SE,28,Santa Luzia do Itanhy,2806305,28026144,3,Municipal,2,1,1,1,1,1,1,41,1,0,0,2,1,1,269,167,102,9,15,37,15,22,130,63,67,0,0,0,102,102,0,4,4,0,167,DIURNO,109,NA,NA,43,"2,534883721",3,1,NA,NA,2019,2,1,MEC,6/25/19 10:18,0,2,0,M,EI,EF_AI,EF_AF,EI_EF_AI_EF_AF_,NA,NA,NA,-,-,-,-,-,-,-,-,-,-,-,-,
Sergipe,SE,28,Santa Luzia do Itanhy,2806305,28026152,3,Municipal,2,1,0,0,0,0,1,34,1,0,0,3,1,1,403,303,100,10,13,0,0,0,303,134,169,0,0,0,100,100,0,10,10,0,303,DIURNO,168,NA,NA,34,"4,941176471",3,1,NA,NA,2019,2,1,MEC,5/22/19 8:27,0,2,0,M,,EF_AI,EF_AF,_EF_AI_EF_AF_,NA,NA,NA,-,-,-,-,-,-,-,-,-,-,-,-,
Sergipe,SE,28,Santa Luzia do Itanhy,2806305,28026179,3,Municipal,2,1,0,0,0,0,0,0,1,0,1,9,1,1,122,122,0,18,10,122,122,0,0,0,0,0,0,0,0,0,0,1,1,0,122,DIURNO,68,NA,NA,0,NA,1,0,NA,NA,2019,2,1,MEC,5/22/19 15:18,0,1,0,P,EI,,,EI_,NA,NA,NA,-,-,-,-,-,-,-,-,-,-,-,-,
Sergipe,SE,28,Santa Luzia do Itanhy,2806305,28026187,3,Municipal,1,1,1,1,0,0,0,0,1,1,0,2,1,1,54,54,0,2,4,54,0,54,0,0,0,0,0,0,0,0,0,1,1,0,54,DIURNO,54,NA,NA,1,54,1,0,NA,NA,2019,1,1,MEC,6/26/19 11:00,0,1,0,P,EI,,,EI_,NA,NA,NA,-,-,-,-,-,-,-,-,-,-,-,-,
Sergipe,SE,28,Santa Luzia do Itanhy,2806305,28032071,3,Municipal,1,1,0,0,1,1,1,30,1,1,0,2,0,1,454,367,87,9,21,0,0,0,367,197,170,0,0,0,87,87,0,10,10,0,367,DIURNO,208,NA,NA,31,"6,709677419",2,0,NA,NA,2019,3,1,MEC,6/26/19 10:15,1,2,0,M,,EF_AI,EF_AF,_EF_AI_EF_AF_,NA,NA,NA,-,-,-,-,-,-,-,-,-,-,-,-,
Sergipe,SE,28,Santa Luzia do Itanhy,2806305,28032837,3,Municipal,2,1,0,0,0,0,1,8,0,0,0,0,NA,1,118,102,16,10,8,46,29,17,56,56,0,0,0,0,16,16,0,2,2,0,102,DIURNO,57,NA,NA,8,"7,125",2,0,NA,NA,2019,2,1,MEC,5/22/19 15:36,0,0,0,P,EI,EF_AI,,EI_EF_AI,NA,NA,NA,-,-,-,-,-,-,-,-,-,-,-,-,
Sergipe,SE,28,Santa Luzia do Itanhy,2806305,28035445,3,Municipal,1,1,0,0,0,0,0,0,0,0,0,9,NA,1,151,151,0,9,6,151,151,0,0,0,0,0,0,0,0,0,0,0,0,0,151,DIURNO,151,NA,NA,0,NA,1,0,NA,NA,2019,2,1,MEC,5/22/19 13:50,0,0,0,P,EI,,,EI_,NA,NA,NA,-,-,-,-,-,-,-,-,-,-,-,-,
Sergipe,SE,28,Santa Luzia do Itanhy,2806305,28042000,3,Municipal,1,1,0,0,1,1,1,33,1,0,0,2,1,1,246,246,0,4,11,34,0,34,212,127,85,0,0,0,0,0,0,19,19,0,246,DIURNO,137,NA,NA,34,"4,029411765",3,1,NA,NA,2019,3,1,MEC,5/24/19 12:25,1,3,1,M,EI,EF_AI,EF_AF,EI_EF_AI_EF_AF_,NA,NA,NA,-,-,-,-,-,-,-,-,-,-,-,-,
Mato Grosso,MT,51,Gaucha do Norte,5103858,51018241,3,Municipal,2,1,1,7,0,0,0,0,1,0,0,1,1,1,45,45,0,4,3,0,0,0,45,41,4,0,0,0,0,0,0,4,4,0,45,DIURNO,45,NA,NA,7,"6,428571429",2,0,NA,NA,2019,4,1,MEC,8/9/19 17:57,1,2,0,P,,EF_AI,EF_AF,_EF_AI_EF_AF_,NA,NA,NA,-,-,-,-,-,-,-,,,,,,
Mato Grosso,MT,51,Gaucha do Norte,5103858,51018268,3,Municipal,1,1,0,0,0,0,0,0,1,0,0,1,0,1,498,498,0,42,19,0,0,0,498,423,75,0,0,0,0,0,0,31,31,0,498,DIURNO,252,"73,95",10/5/21 8:26,0,NA,1,0,"0,293452381",0,2019,1,1,MEC,5/30/19 8:56,0,1,0,M,,EF_AI,EF_AF,_EF_AI_EF_AF_,NA,NA,NA,PDDE QUALIDADE / Educacao Conectada 2021,0,"3.328,00","3.328,00",0,0,0,"3.328,00",0,"3.328,00","3.328,00",11/11/2021,
Mato Grosso,MT,51,Gaucha do Norte,5103858,51057166,2,Estadual,1,1,1,7,0,0,0,0,1,1,1,3,0,1,551,501,50,21,21,0,0,0,278,0,278,223,0,0,50,0,50,11,11,0,501,DIURNO,359,"86,61",3/7/22 15:44,7,"51,28571429",1,0,"0,241253482",0,2019,3,1,MEC,9/6/19 15:17,1,2,0,G,,,EF_AF,EF_AF_EM,NA,NA,NA,-,-,-,-,-,-,-,-,-,-,-,-,EM
Mato Grosso,MT,51,Gaucha do Norte,5103858,51059460,3,Municipal,2,1,0,0,0,0,0,0,0,0,0,9,NA,1,50,50,0,28,4,10,0,10,40,22,18,0,0,0,0,0,0,0,0,0,50,DIURNO,34,NA,NA,0,NA,1,0,NA,NA,2019,1,1,MEC,8/8/19 10:31,0,0,0,P,EI,EF_AI,EF_AF,EI_EF_AI_EF_AF_,NA,NA,NA,-,-,-,-,-,-,-,-,-,-,-,-,
Mato Grosso,MT,51,Gaucha do Norte,5103858,51059479,2,Estadual,2,1,0,0,1,1,0,0,1,1,1,2,0,1,390,344,46,77,27,0,0,0,257,132,125,76,0,0,57,45,12,0,0,0,344,DIURNO,208,NA,NA,1,208,1,0,NA,NA,NA,NA,NA,NA,NA,NA,NA,NA,M,,EF_AI,EF_AF,_EF_AI_EF_AF_EM,NA,NA,NA,-,-,-,-,-,-,-,-,-,-,-,-,EM
Mato Grosso,MT,51,Gaucha do Norte,5103858,51059487,2,Estadual,2,1,0,0,0,0,0,0,0,0,0,0,NA,1,111,111,0,26,7,0,0,0,111,54,57,0,0,0,0,0,0,0,0,0,111,DIURNO,59,NA,NA,0,NA,1,0,NA,NA,NA,NA,NA,NA,NA,NA,NA,NA,P,,EF_AI,EF_AF,_EF_AI_EF_AF_,NA,NA,NA,-,-,-,-,-,-,-,-,-,-,-,-,
Mato Grosso,MT,51,Gaucha do Norte,5103858,51063581,3,Municipal,1,1,0,0,0,0,0,0,1,0,0,2,1,0,NA,NA,NA,NA,NA,NA,NA,NA,NA,NA,NA,NA,NA,NA,NA,NA,NA,NA,NA,NA,NA,NA,0,NA,NA,0,NA,1,0,NA,NA,NA,NA,NA,NA,NA,NA,NA,NA,NA,NA,NA,NA,NA,NA,NA,NA,-,-,-,-,-,-,-,-,-,-,-,-,NA
Mato Grosso,MT,51,Gaucha do Norte,5103858,51063590,3,Municipal,2,1,0,0,0,0,0,0,1,0,0,9,1,1,48,48,0,14,3,21,0,21,27,18,9,0,0,0,0,0,0,1,1,0,48,DIURNO,48,NA,NA,0,NA,1,0,NA,NA,2019,1,1,MEC,8/8/19 11:16,0,1,0,P,EI,EF_AI,EF_AF,EI_EF_AI_EF_AF_,NA,NA,NA,-,-,-,-,-,-,-,-,-,-,-,-,
Mato Grosso,MT,51,Gaucha do Norte,5103858,51065193,3,Municipal,2,1,0,0,0,0,0,0,1,0,0,9,1,1,43,43,0,14,3,7,0,7,36,20,16,0,0,0,0,0,0,0,0,0,43,DIURNO,43,NA,NA,0,NA,1,0,NA,NA,2019,1,1,MEC,8/8/19 14:32,0,1,0,P,EI,EF_AI,EF_AF,EI_EF_AI_EF_AF_,NA,NA,NA,-,-,-,-,-,-,-,-,-,-,-,-,
Mato Grosso,MT,51,Gaucha do Norte,5103858,51067811,2,Estadual,2,1,1,1,0,0,0,0,1,1,1,3,0,1,347,309,38,5,23,0,0,0,204,108,96,86,0,0,57,57,0,0,0,0,309,DIURNO,158,NA,NA,1,158,1,0,NA,NA,2019,1,1,MEC,9/16/19 9:08,0,1,0,M,,EF_AI,EF_AF,_EF_AI_EF_AF_EM,NA,NA,NA,-,-,-,-,-,-,-,-,-,-,-,-,EM
Mato Grosso,MT,51,Gaucha do Norte,5103858,51087189,3,Municipal,2,1,0,0,0,0,0,0,1,0,0,1,1,1,102,102,0,36,5,38,14,24,64,51,13,0,0,0,0,0,0,2,2,0,102,DIURNO,102,NA,NA,0,NA,1,0,NA,NA,2019,1,1,MEC,5/21/19 10:31,0,1,0,P,EI,EF_AI,EF_AF,EI_EF_AI_EF_AF_,NA,NA,NA,PDDE QUALIDADE / Educacao Conectada 2021,0,"2.451,00","2.451,00",0,0,0,"2.451,00",0,"2.451,00","2.451,00",11/11/2021,
Mato Grosso,MT,51,Gaucha do Norte,5103858,51089343,2,Estadual,2,1,0,0,1,2,0,0,1,0,0,1,0,1,464,396,68,11,35,0,0,0,279,151,128,156,0,0,29,29,0,1,1,0,396,DIURNO,211,NA,NA,2,"105,5",1,0,NA,NA,NA,NA,NA,NA,NA,NA,NA,NA,M,,EF_AI,EF_AF,_EF_AI_EF_AF_EM,NA,NA,NA,-,-,-,-,-,-,-,,,,,,EM
Mato Grosso,MT,51,Gaucha do Norte,5103858,51089971,3,Municipal,1,1,0,0,0,0,0,0,1,0,1,3,0,1,371,371,0,2,14,371,195,176,0,0,0,0,0,0,0,0,0,3,3,0,371,DIURNO,280,"63,42",12/24/21 15:12,0,NA,1,0,"0,2265",0,NA,NA,NA,NA,NA,NA,NA,NA,M,EI,,,EI_,NA,NA,NA,PDDE QUALIDADE / Educacao Conectada 2021,0,"3.328,00","3.328,00",0,0,0,"3.328,00",0,"3.328,00","3.328,00",11/11/2021,
Mato Grosso,MT,51,Gaucha do Norte,5103858,51095050,2,Estadual,2,1,1,1,0,0,0,0,1,1,1,3,0,1,185,169,16,10,11,0,0,0,62,28,34,123,0,0,0,0,0,0,0,0,169,DIURNO,91,NA,NA,1,91,1,0,NA,NA,NA,NA,NA,NA,NA,NA,NA,NA,P,,EF_AI,EF_AF,_EF_AI_EF_AF_EM,NA,NA,NA,-,-,-,,-,-,-,-,-,-,-,-,EM
Mato Grosso,MT,51,Gaucha do Norte,5103858,51201810,3,Municipal,2,1,0,0,0,0,0,0,1,0,0,9,1,1,47,47,0,13,3,11,0,11,36,32,4,0,0,0,0,0,0,1,1,0,47,DIURNO,33,NA,NA,0,NA,1,0,NA,NA,2019,1,1,MEC,8/8/19 10:55,0,1,0,P,EI,EF_AI,EF_AF,EI_EF_AI_EF_AF_,NA,NA,NA,-,-,-,-,-,-,-,-,-,-,-,-,
Goias,GO,52,Cavalcante,5205307,52012905,2,Estadual,1,1,0,0,1,11,0,0,1,1,1,1,1,1,764,699,65,22,27,0,0,0,477,0,477,287,29,29,0,0,0,27,27,0,699,DIURNO,380,"11,89",12/17/21 1:33,11,"34,54545455",1,0,"0,031289474",0,2018,3,1,CIEB,NA,1,2,0,G,,,EF_AF,EF_AF_EM,NA,NA,NA,PDDE QUALIDADE / Educacao Conectada 2021,"3.892,00",0,"3.892,00",0,0,0,"3.892,00","3.892,00",0,"3.892,00",09/11/2021,EM
Goias,GO,52,Cavalcante,5205307,52012930,3,Municipal,2,1,1,1,0,0,0,0,1,0,0,1,0,1,24,24,0,13,6,4,0,4,20,20,0,0,0,0,0,0,0,0,0,0,24,DIURNO,24,NA,NA,1,24,1,0,NA,NA,NA,NA,NA,NA,NA,NA,NA,NA,P,EI,EF_AI,,EI_EF_AI,NA,NA,NA,-,-,-,-,-,-,-,-,-,-,-,-,
Goias,GO,52,Cavalcante,5205307,52012948,3,Municipal,2,1,0,0,0,0,0,0,0,0,0,9,NA,1,22,22,0,10,5,0,0,0,22,22,0,0,0,0,0,0,0,0,0,0,22,DIURNO,22,NA,NA,0,NA,1,0,NA,NA,NA,NA,NA,NA,NA,NA,NA,NA,P,,EF_AI,,_EF_AI,NA,NA,NA,-,-,-,-,-,-,-,-,-,-,-,-,
Goias,GO,52,Cavalcante,5205307,52012956,3,Municipal,2,1,0,0,0,0,0,0,1,0,1,9,1,1,3,3,0,15,3,0,0,0,3,3,0,0,0,0,0,0,0,0,0,0,3,DIURNO,3,NA,NA,0,NA,1,0,NA,NA,NA,NA,NA,NA,NA,NA,NA,NA,P,,EF_AI,,_EF_AI,NA,NA,NA,-,-,-,-,-,-,-,-,-,-,-,-,
Goias,GO,52,Cavalcante,5205307,52012972,3,Municipal,2,1,1,1,0,0,0,0,1,0,0,1,1,1,75,75,0,19,7,17,0,17,58,58,0,0,0,0,0,0,0,2,2,0,75,DIURNO,75,NA,NA,1,75,1,0,NA,NA,NA,NA,NA,NA,NA,NA,NA,NA,P,EI,EF_AI,,EI_EF_AI,NA,NA,NA,-,-,-,-,-,-,-,-,-,-,-,-,
Goias,GO,52,Cavalcante,5205307,52013014,3,Municipal,2,1,0,0,0,0,0,0,0,0,0,9,NA,1,3,3,0,10,2,0,0,0,3,3,0,0,0,0,0,0,0,0,0,0,3,DIURNO,3,NA,NA,0,NA,1,0,NA,NA,NA,NA,NA,NA,NA,NA,NA,NA,P,,EF_AI,,_EF_AI,NA,NA,NA,-,-,-,-,-,-,-,-,-,-,-,-,
Goias,GO,52,Cavalcante,5205307,52013030,3,Municipal,2,1,0,0,0,0,0,0,0,0,0,9,NA,1,19,19,0,25,6,5,0,5,14,14,0,0,0,0,0,0,0,0,0,0,19,DIURNO,19,NA,NA,0,NA,1,0,NA,NA,NA,NA,NA,NA,NA,NA,NA,NA,P,EI,EF_AI,,EI_EF_AI,NA,NA,NA,-,-,-,-,-,-,-,-,-,-,-,-,
Goias,GO,52,Cavalcante,5205307,52013081,3,Municipal,2,1,0,0,0,0,0,0,1,0,0,9,1,1,19,19,0,18,5,3,0,3,16,16,0,0,0,0,0,0,0,0,0,0,19,DIURNO,19,NA,NA,0,NA,1,0,NA,NA,NA,NA,NA,NA,NA,NA,NA,NA,P,EI,EF_AI,,EI_EF_AI,NA,NA,NA,-,-,-,-,-,-,-,-,-,-,-,-,
Goias,GO,52,Cavalcante,5205307,52013090,3,Municipal,2,1,0,0,0,0,0,0,0,0,0,9,NA,1,28,28,0,17,6,1,0,1,27,27,0,0,0,0,0,0,0,0,0,0,28,DIURNO,28,NA,NA,0,NA,1,0,NA,NA,NA,NA,NA,NA,NA,NA,NA,NA,P,EI,EF_AI,,EI_EF_AI,NA,NA,NA,-,-,-,-,-,-,-,-,-,-,-,-,
Goias,GO,52,Cavalcante,5205307,52013111,3,Municipal,2,1,0,0,1,1,0,0,1,0,0,2,0,1,14,14,0,20,6,1,0,1,13,13,0,0,0,0,0,0,0,0,0,0,14,DIURNO,14,NA,NA,1,14,1,0,NA,NA,NA,NA,NA,NA,NA,NA,NA,NA,P,EI,EF_AI,,EI_EF_AI,NA,NA,NA,-,-,-,-,-,-,-,-,-,-,-,-,
Goias,GO,52,Cavalcante,5205307,52013189,3,Municipal,2,1,0,0,0,0,0,0,0,0,0,9,NA,1,4,4,0,10,3,0,0,0,4,4,0,0,0,0,0,0,0,0,0,0,4,DIURNO,4,NA,NA,0,NA,1,0,NA,NA,NA,NA,NA,NA,NA,NA,NA,NA,P,,EF_AI,,_EF_AI,NA,NA,NA,-,-,-,-,-,-,-,-,-,-,-,-,
Goias,GO,52,Cavalcante,5205307,52013227,3,Municipal,2,1,0,0,0,0,0,0,0,0,0,9,NA,1,50,50,0,15,6,7,0,7,43,43,0,0,0,0,0,0,0,0,0,0,50,DIURNO,50,NA,NA,0,NA,1,0,NA,NA,NA,NA,NA,NA,NA,NA,NA,NA,P,EI,EF_AI,,EI_EF_AI,NA,NA,NA,-,-,-,-,-,-,-,-,-,-,-,-,
Goias,GO,52,Cavalcante,5205307,52013251,3,Municipal,2,1,0,0,0,0,0,0,0,0,0,0,NA,1,33,33,0,11,6,1,0,1,32,32,0,0,0,0,0,0,0,0,0,0,33,DIURNO,33,NA,NA,0,NA,1,0,NA,NA,NA,NA,NA,NA,NA,NA,NA,NA,P,EI,EF_AI,,EI_EF_AI,NA,NA,NA,-,-,-,-,-,-,-,-,-,-,-,-,
Goias,GO,52,Cavalcante,5205307,52013260,3,Municipal,2,1,0,0,0,0,0,0,0,0,0,9,NA,1,10,10,0,23,5,0,0,0,10,10,0,0,0,0,0,0,0,0,0,0,10,DIURNO,10,NA,NA,0,NA,1,0,NA,NA,NA,NA,NA,NA,NA,NA,NA,NA,P,,EF_AI,,_EF_AI,NA,NA,NA,-,-,-,-,-,-,-,-,-,-,-,-,
Goias,GO,52,Cavalcante,5205307,52013286,3,Municipal,1,1,1,14,0,0,0,0,1,1,1,3,1,1,332,325,7,23,16,0,0,0,325,325,0,0,0,0,7,7,0,11,11,0,325,DIURNO,193,NA,NA,14,"13,78571429",1,0,NA,NA,NA,NA,NA,NA,NA,NA,NA,NA,M,,EF_AI,,_EF_AI,NA,NA,NA,-,-,-,-,-,-,-,-,-,-,-,-,
Goias,GO,52,Cavalcante,5205307,52013391,3,Municipal,2,1,1,1,0,0,0,0,1,0,0,1,1,1,12,12,0,10,3,3,0,3,9,9,0,0,0,0,0,0,0,0,0,0,12,DIURNO,12,NA,NA,1,12,1,0,NA,NA,NA,NA,NA,NA,NA,NA,NA,NA,P,EI,EF_AI,,EI_EF_AI,NA,NA,NA,-,-,-,-,-,-,-,-,-,-,-,-,
Goias,GO,52,Cavalcante,5205307,52014428,3,Municipal,2,1,0,0,0,0,0,0,0,0,0,9,NA,1,11,11,0,10,5,0,0,0,11,11,0,0,0,0,0,0,0,0,0,0,11,DIURNO,11,NA,NA,0,NA,1,0,NA,NA,NA,NA,NA,NA,NA,NA,NA,NA,P,,EF_AI,,_EF_AI,NA,NA,NA,-,-,-,-,-,-,-,-,-,-,-,-,
Goias,GO,52,Cavalcante,5205307,52070247,2,Estadual,2,1,1,12,0,0,0,0,1,1,1,2,1,1,551,551,0,4,58,0,0,0,349,16,333,202,0,0,0,0,0,13,13,0,551,DIURNO,378,"17,88",3/7/22 18:41,12,"31,5",1,0,"0,047301587",0,2018,1,1,CIEB,NA,0,1,0,G,,EF_AI,EF_AF,_EF_AI_EF_AF_EM,NA,NA,NA,PDDE QUALIDADE / Educacao Conectada 2021,0,"3.328,00","3.328,00",0,0,0,"3.328,00",0,0,0,,EM
Goias,GO,52,Cavalcante,5205307,52075370,3,Municipal,1,1,0,0,0,0,0,0,1,0,0,9,1,1,101,101,0,10,4,101,0,101,0,0,0,0,0,0,0,0,0,1,1,0,101,DIURNO,52,NA,NA,0,NA,1,0,NA,NA,NA,NA,NA,NA,NA,NA,NA,NA,P,EI,,,EI_,NA,NA,NA,-,-,-,-,-,-,-,-,-,-,-,-,
Goias,GO,52,Cavalcante,5205307,52075451,3,Municipal,2,1,1,1,0,0,0,0,1,0,0,2,0,1,57,57,0,4,6,11,0,11,46,46,0,0,0,0,0,0,0,1,1,0,57,DIURNO,57,NA,NA,1,57,1,0,NA,NA,NA,NA,NA,NA,NA,NA,NA,NA,P,EI,EF_AI,,EI_EF_AI,NA,NA,NA,-,-,-,-,-,-,-,-,-,-,-,-,
Goias,GO,52,Cavalcante,5205307,52081826,3,Municipal,1,1,1,18,1,1,0,0,1,1,1,1,1,1,243,243,0,54,12,52,0,52,191,191,0,0,0,0,0,0,0,5,5,0,243,DIURNO,122,NA,NA,19,"6,421052632",2,0,NA,NA,NA,NA,NA,NA,NA,NA,NA,NA,M,EI,EF_AI,,EI_EF_AI,NA,NA,NA,-,-,-,-,-,-,-,-,-,-,-,-,
Goias,GO,52,Cavalcante,5205307,52091686,3,Municipal,2,1,0,0,0,0,0,0,0,0,0,9,NA,1,14,14,0,10,5,1,0,1,13,13,0,0,0,0,0,0,0,0,0,0,14,DIURNO,14,NA,NA,0,NA,1,0,NA,NA,NA,NA,NA,NA,NA,NA,NA,NA,P,EI,EF_AI,,EI_EF_AI,NA,NA,NA,-,-,-,-,-,-,-,-,-,-,-,-,
Goias,GO,52,Cavalcante,5205307,52099377,3,Municipal,2,1,0,0,0,0,0,0,1,0,0,9,0,1,16,16,0,27,4,0,0,0,16,16,0,0,0,0,0,0,0,0,0,0,16,DIURNO,16,NA,NA,0,NA,1,0,NA,NA,NA,NA,NA,NA,NA,NA,NA,NA,P,,EF_AI,,_EF_AI,NA,NA,NA,-,-,-,-,-,-,-,-,-,-,-,-,
Goias,GO,52,Cavalcante,5205307,52112802,3,Municipal,1,1,0,0,0,0,0,0,1,0,1,1,1,1,64,64,0,26,6,64,64,0,0,0,0,0,0,0,0,0,0,0,0,0,64,DIURNO,44,NA,NA,0,NA,1,0,NA,NA,NA,NA,NA,NA,NA,NA,NA,NA,P,EI,,,EI_,NA,NA,NA,-,-,-,-,-,-,-,-,-,-,-,-,
Minas Gerais,MG,31,Berilo,3106507,31023116,3,Municipal,2,1,1,10,0,0,0,0,1,1,0,2,1,1,53,53,0,2,4,0,0,0,53,27,26,0,0,0,0,0,0,0,0,0,53,DIURNO,53,NA,NA,10,"5,3",2,0,NA,NA,2019,1,1,MEC,9/30/19 10:24,0,1,0,P,,EF_AI,EF_AF,_EF_AI_EF_AF_,NA,NA,NA,PDDE QUALIDADE / Educacao Conectada 2021,0,"2.451,00","2.451,00",0,0,0,"2.451,00",0,"2.451,00","2.451,00",12/11/2021,
Minas Gerais,MG,31,Berilo,3106507,31023124,2,Estadual,2,1,1,35,1,5,1,3,1,1,1,3,1,1,50,50,0,8,5,0,0,0,50,27,23,0,0,0,0,0,0,1,1,0,50,DIURNO,50,NA,NA,43,"1,162790698",4,1,NA,NA,NA,NA,NA,NA,NA,NA,NA,NA,P,,EF_AI,EF_AF,_EF_AI_EF_AF_,NA,NA,NA,PDDE QUALIDADE / Educacao Conectada 2021,"1.652,00",799,"2.451,00",0,0,0,"2.451,00","1.652,00",799,"2.451,00",24/11/2021,
Minas Gerais,MG,31,Berilo,3106507,31023132,2,Estadual,1,1,1,20,0,0,0,0,1,1,1,1,1,1,448,448,0,24,17,0,0,0,284,120,164,164,0,0,0,0,0,10,10,0,448,DIURNO,298,NA,NA,20,"14,9",1,0,NA,NA,2019,1,1,MEC,7/11/19 11:23,0,1,0,M,,EF_AI,EF_AF,_EF_AI_EF_AF_EM,NA,NA,NA,PDDE QUALIDADE / Educacao Conectada 2021,0,"3.328,00","3.328,00",0,0,0,"3.328,00",0,"3.328,00","3.328,00",24/11/2021,EM
Minas Gerais,MG,31,Berilo,3106507,31023141,3,Municipal,2,1,1,1,1,1,0,0,1,0,0,1,1,1,28,28,0,7,3,0,0,0,28,10,18,0,0,0,0,0,0,0,0,0,28,DIURNO,28,NA,NA,2,14,1,0,NA,NA,2019,2,1,MEC,9/30/19 11:12,0,1,0,P,,EF_AI,EF_AF,_EF_AI_EF_AF_,NA,NA,NA,-,-,-,-,-,-,-,-,-,-,-,-,
Minas Gerais,MG,31,Berilo,3106507,31023159,2,Estadual,2,1,1,10,0,0,1,2,1,1,1,2,1,1,65,65,0,17,6,0,0,0,44,15,29,21,0,0,0,0,0,2,2,0,65,DIURNO,65,NA,NA,12,"5,416666667",2,0,NA,NA,NA,NA,NA,NA,NA,NA,NA,NA,P,,EF_AI,EF_AF,_EF_AI_EF_AF_EM,NA,NA,NA,PDDE QUALIDADE / Educacao Conectada 2021,0,"2.451,00","2.451,00",0,0,0,"2.451,00",0,"2.451,00","2.451,00",24/11/2021,EM
Minas Gerais,MG,31,Berilo,3106507,31023167,2,Estadual,1,1,1,20,0,0,0,0,1,1,0,1,1,1,527,527,0,30,16,0,0,0,302,0,302,225,0,0,0,0,0,13,13,0,527,DIURNO,353,NA,NA,20,"17,65",1,0,NA,NA,NA,NA,NA,NA,NA,NA,NA,NA,G,,,EF_AF,EF_AF_EM,NA,NA,NA,PDDE QUALIDADE / Educacao Conectada 2021,"1.192,00","2.700,00","3.892,00",0,0,0,"3.892,00","1.192,00","2.700,00","3.892,00",24/11/2021,EM
Minas Gerais,MG,31,Berilo,3106507,31023183,2,Estadual,2,1,1,12,0,0,0,0,1,0,1,3,1,1,76,52,24,37,12,0,0,0,21,10,11,16,0,0,39,24,15,0,0,0,52,DIURNO,30,NA,NA,12,"2,5",3,1,NA,NA,2019,2,1,MEC,7/11/19 13:48,0,2,0,P,,EF_AI,EF_AF,_EF_AI_EF_AF_EM,NA,NA,NA,PDDE QUALIDADE / Educacao Conectada 2021,"2.451,00",0,"2.451,00",0,0,0,"2.451,00","2.451,00",0,"2.451,00",24/11/2021,EM
Minas Gerais,MG,31,Berilo,3106507,31023191,2,Estadual,2,1,1,28,1,5,0,0,1,1,0,2,1,1,67,67,0,45,7,0,0,0,43,23,20,24,0,0,0,0,0,6,6,0,67,DIURNO,44,NA,NA,33,"1,333333333",4,1,NA,NA,2019,2,1,MEC,7/17/19 12:38,0,2,0,P,,EF_AI,EF_AF,_EF_AI_EF_AF_EM,NA,NA,NA,PDDE QUALIDADE / Educacao Conectada 2021,"2.451,00",0,"2.451,00",0,0,0,"2.451,00","2.451,00",0,"2.451,00",24/11/2021,EM
Minas Gerais,MG,31,Berilo,3106507,31023213,3,Municipal,2,1,0,0,0,0,0,0,0,0,0,9,NA,1,16,16,0,18,2,0,0,0,16,16,0,0,0,0,0,0,0,1,1,0,16,DIURNO,16,NA,NA,0,NA,1,0,NA,NA,NA,NA,NA,NA,NA,NA,NA,NA,P,,EF_AI,,_EF_AI,NA,NA,NA,-,-,-,-,-,-,-,-,-,-,-,-,
Minas Gerais,MG,31,Berilo,3106507,31023230,2,Estadual,1,1,1,14,1,1,1,2,1,1,1,1,1,0,108,0,0,26,2,0,0,0,0,0,0,0,0,0,108,51,57,1,1,0,0,DIURNO,0,NA,NA,17,0,4,1,NA,NA,NA,NA,NA,NA,NA,NA,NA,NA,P,,,,,NA,NA,NA,-,-,-,-,-,-,-,-,-,-,-,-,
Minas Gerais,MG,31,Berilo,3106507,31025178,3,Municipal,2,1,0,0,0,0,0,0,0,0,0,9,NA,1,12,12,0,10,2,0,0,0,12,12,0,0,0,0,0,0,0,0,0,0,12,DIURNO,12,NA,NA,0,NA,1,0,NA,NA,NA,NA,NA,NA,NA,NA,NA,NA,P,,EF_AI,,_EF_AI,NA,NA,NA,-,-,-,-,-,-,-,-,-,-,-,-,
Minas Gerais,MG,31,Berilo,3106507,31025208,3,Municipal,2,1,0,0,0,0,0,0,0,0,0,9,NA,1,8,8,0,3,1,0,0,0,8,8,0,0,0,0,0,0,0,0,0,0,8,DIURNO,8,NA,NA,0,NA,1,0,NA,NA,NA,NA,NA,NA,NA,NA,NA,NA,P,,EF_AI,,_EF_AI,NA,NA,NA,-,-,-,-,-,-,-,-,-,-,-,-,
Minas Gerais,MG,31,Berilo,3106507,31025216,3,Municipal,2,1,0,0,0,0,0,0,0,0,0,9,NA,1,3,3,0,3,1,0,0,0,3,3,0,0,0,0,0,0,0,0,0,0,3,DIURNO,3,NA,NA,0,NA,1,0,NA,NA,2019,1,1,MEC,10/25/19 15:15,0,0,0,P,,EF_AI,,_EF_AI,NA,NA,NA,-,-,-,-,-,-,-,-,-,-,-,-,
Minas Gerais,MG,31,Berilo,3106507,31025224,3,Municipal,2,1,0,0,0,0,0,0,0,0,0,9,NA,1,4,4,0,3,1,0,0,0,4,4,0,0,0,0,0,0,0,0,0,0,4,DIURNO,4,NA,NA,0,NA,1,0,NA,NA,NA,NA,NA,NA,NA,NA,NA,NA,P,,EF_AI,,_EF_AI,NA,NA,NA,-,-,-,-,-,-,-,-,-,-,-,-,
Minas Gerais,MG,31,Berilo,3106507,31025232,3,Municipal,2,1,0,0,0,0,0,0,0,0,0,9,NA,1,25,25,0,2,2,0,0,0,25,25,0,0,0,0,0,0,0,0,0,0,25,DIURNO,25,NA,NA,0,NA,1,0,NA,NA,NA,NA,NA,NA,NA,NA,NA,NA,P,,EF_AI,,_EF_AI,NA,NA,NA,PDDE QUALIDADE / Educacao Conectada 2021,0,"2.451,00","2.451,00",0,0,0,"2.451,00",0,"2.451,00","2.451,00",12/11/2021,
Minas Gerais,MG,31,Berilo,3106507,31025267,3,Municipal,2,1,0,0,0,0,0,0,0,0,0,9,NA,1,8,8,0,3,1,0,0,0,8,8,0,0,0,0,0,0,0,0,0,0,8,DIURNO,8,NA,NA,0,NA,1,0,NA,NA,NA,NA,NA,NA,NA,NA,NA,NA,P,,EF_AI,,_EF_AI,NA,NA,NA,-,-,-,-,-,-,-,-,-,-,-,-,
Minas Gerais,MG,31,Berilo,3106507,31025283,3,Municipal,2,1,0,0,0,0,0,0,0,0,0,9,NA,1,15,15,0,3,2,0,0,0,15,15,0,0,0,0,0,0,0,0,0,0,15,DIURNO,15,NA,NA,0,NA,1,0,NA,NA,NA,NA,NA,NA,NA,NA,NA,NA,P,,EF_AI,,_EF_AI,NA,NA,NA,-,-,-,-,-,-,-,-,-,-,-,-,
Minas Gerais,MG,31,Berilo,3106507,31236624,3,Municipal,1,1,0,0,0,0,0,0,0,0,0,9,NA,1,74,74,0,15,6,74,0,74,0,0,0,0,0,0,0,0,0,1,1,0,74,DIURNO,74,NA,NA,0,NA,1,0,NA,NA,NA,NA,NA,NA,NA,NA,NA,NA,P,EI,,,EI_,NA,NA,NA,-,-,-,-,-,-,-,-,-,-,-,-,
Minas Gerais,MG,31,Berilo,3106507,31264105,3,Municipal,2,1,0,0,0,0,0,0,0,0,0,9,NA,1,18,18,0,2,3,18,0,18,0,0,0,0,0,0,0,0,0,0,0,0,18,DIURNO,18,NA,NA,0,NA,1,0,NA,NA,2019,2,1,MEC,10/25/19 14:57,0,0,0,P,EI,,,EI_,NA,NA,NA,-,-,-,-,-,-,-,-,-,-,-,-,
Minas Gerais,MG,31,Berilo,3106507,31264202,3,Municipal,2,1,0,0,0,0,0,0,0,0,0,9,NA,1,19,19,0,9,2,19,0,19,0,0,0,0,0,0,0,0,0,0,0,0,19,DIURNO,19,NA,NA,0,NA,1,0,NA,NA,NA,NA,NA,NA,NA,NA,NA,NA,P,EI,,,EI_,NA,NA,NA,-,-,-,-,-,-,-,-,-,-,-,-,
Minas Gerais,MG,31,Berilo,3106507,31264237,3,Municipal,1,1,0,0,0,0,0,0,0,0,0,9,NA,1,47,47,0,3,2,47,0,47,0,0,0,0,0,0,0,0,0,0,0,0,47,DIURNO,47,NA,NA,0,NA,1,0,NA,NA,NA,NA,NA,NA,NA,NA,NA,NA,P,EI,,,EI_,NA,NA,NA,PDDE QUALIDADE / Educacao Conectada 2021,0,"2.451,00","2.451,00",0,0,0,"2.451,00",0,"2.451,00","2.451,00",12/11/2021,
Minas Gerais,MG,31,Berilo,3106507,31330655,2,Estadual,1,1,1,28,0,0,0,0,1,1,1,1,1,1,198,198,0,7,10,0,0,0,198,198,0,0,0,0,0,0,0,3,3,0,198,DIURNO,124,NA,NA,28,"4,428571429",3,1,NA,NA,2021,3,1,MEC,1/26/21 16:15,1,3,1,P,,EF_AI,,_EF_AI,NA,NA,NA,PDDE QUALIDADE / Educacao Conectada 2021,"2.451,00",0,"2.451,00",0,0,0,"2.451,00","2.451,00",0,"2.451,00",24/11/2021,
Minas Gerais,MG,31,Berilo,3106507,31335410,3,Municipal,1,1,0,0,0,0,0,0,0,0,0,9,NA,1,101,101,0,8,8,101,101,0,0,0,0,0,0,0,0,0,0,6,6,0,101,DIURNO,101,NA,NA,0,NA,1,0,NA,NA,NA,NA,NA,NA,NA,NA,NA,NA,P,EI,,,EI_,NA,NA,NA,0,0,0,0,0,0,0,0,0,0,0,0,
Minas Gerais,MG,31,Berilo,3106507,31372528,3,Municipal,2,1,1,1,0,0,0,0,0,0,0,0,NA,1,33,33,0,19,3,0,0,0,33,33,0,0,0,0,0,0,0,1,1,0,33,DIURNO,33,NA,NA,1,33,1,0,NA,NA,NA,NA,NA,NA,NA,NA,NA,NA,P,,EF_AI,,_EF_AI,NA,NA,NA,-,-,-,-,-,-,-,-,-,-,-,-,
Rio de Janeiro,RJ,33,Silva Jardim,3305604,33025738,3,Municipal,1,1,1,4,0,0,0,0,1,0,0,1,1,1,1131,796,335,17,41,0,0,0,796,299,497,0,0,0,335,335,0,62,62,0,796,DIURNO,414,"10,09",8/26/21 10:07,4,"103,5",1,0,"0,024371981",0,2019,2,1,MEC,5/24/19 22:36,0,1,0,G,,EF_AI,EF_AF,_EF_AI_EF_AF_,NA,NA,NA,PDDE QUALIDADE / Educacao Conectada 2021,0,"3.892,00","3.892,00",0,0,0,"3.892,00",0,0,0,-,
Rio de Janeiro,RJ,33,Silva Jardim,3305604,33025754,2,Estadual,1,1,0,0,1,1,0,0,1,1,1,1,1,1,727,499,228,24,25,0,0,0,0,0,0,590,90,90,137,0,137,16,16,0,499,DIURNO,436,NA,NA,1,436,1,0,NA,NA,2018,4,1,CIEB,NA,1,2,0,G,,,,_EM,NA,NA,NA,PDDE QUALIDADE / Educacao Conectada 2021,0,"3.892,00","3.892,00",0,0,0,"3.892,00",0,"3.892,00","3.892,00",29/09/2021,EM
Rio de Janeiro,RJ,33,Silva Jardim,3305604,33025762,3,Municipal,1,1,0,0,0,0,0,0,1,0,0,0,1,1,154,154,0,14,12,154,154,0,0,0,0,0,0,0,0,0,0,2,2,0,154,DIURNO,154,NA,NA,0,NA,1,0,NA,NA,NA,NA,NA,NA,NA,NA,NA,NA,P,EI,,,EI_,NA,NA,NA,-,-,-,-,-,-,-,-,-,-,-,-,
Rio de Janeiro,RJ,33,Silva Jardim,3305604,33025789,3,Municipal,2,1,0,0,0,0,0,0,0,0,0,0,NA,1,42,42,0,63,4,15,5,10,27,27,0,0,0,0,0,0,0,0,0,0,42,DIURNO,42,NA,NA,0,NA,1,0,NA,NA,2019,2,1,MEC,6/10/19 12:17,0,0,0,P,EI,EF_AI,,EI_EF_AI,NA,NA,NA,PDDE QUALIDADE / Educacao Conectada 2020,"1.297,43","1.153,57","2.451,00",0,0,0,"2.451,00",0,0,0,,
Rio de Janeiro,RJ,33,Silva Jardim,3305604,33025797,3,Municipal,1,1,1,7,0,0,0,0,1,1,0,1,1,1,241,241,0,14,10,0,0,0,241,241,0,0,0,0,0,0,0,17,17,0,241,DIURNO,121,"34,26",8/26/21 10:35,7,"17,28571429",1,0,"0,283140496",0,2019,1,1,MEC,5/24/19 21:15,0,1,0,M,,EF_AI,,_EF_AI,NA,NA,NA,-,-,-,-,-,-,-,-,-,-,-,-,
Rio de Janeiro,RJ,33,Silva Jardim,3305604,33025827,3,Municipal,2,1,0,0,0,0,0,0,0,0,0,0,NA,1,253,253,0,15,12,57,19,38,196,96,100,0,0,0,0,0,0,8,8,0,253,DIURNO,178,NA,NA,0,NA,1,0,NA,NA,2019,2,1,MEC,6/26/19 16:44,0,0,0,M,EI,EF_AI,EF_AF,EI_EF_AI_EF_AF_,NA,NA,NA,-,-,-,-,-,-,-,-,-,-,-,-,
Rio de Janeiro,RJ,33,Silva Jardim,3305604,33025835,2,Estadual,2,1,0,0,0,0,0,0,1,1,0,1,1,1,145,145,0,21,6,0,0,0,0,0,0,145,51,51,0,0,0,5,5,0,145,DIURNO,145,NA,NA,0,NA,1,0,NA,NA,2018,3,1,CIEB,NA,1,2,0,P,,,,_EM,NA,NA,NA,PDDE QUALIDADE / Educacao Conectada 2021,0,"2.451,00","2.451,00",0,0,0,"2.451,00",0,"2.451,00","2.451,00",29/09/2021,EM
Rio de Janeiro,RJ,33,Silva Jardim,3305604,33025860,3,Municipal,2,1,1,6,0,0,0,0,0,0,0,9,NA,1,128,128,0,8,8,54,11,43,74,74,0,0,0,0,0,0,0,3,3,0,128,DIURNO,69,NA,NA,6,"11,5",1,0,NA,NA,2019,1,1,MEC,5/24/19 10:50,0,0,0,P,EI,EF_AI,,EI_EF_AI,NA,NA,NA,PDDE QUALIDADE / Educacao Conectada 2021,0,"2.451,00","2.451,00",0,0,0,"2.451,00",0,0,0,,
Rio de Janeiro,RJ,33,Silva Jardim,3305604,33025878,3,Municipal,2,1,1,8,0,0,0,0,0,0,0,0,NA,1,43,43,0,40,4,10,2,8,33,33,0,0,0,0,0,0,0,1,1,0,43,DIURNO,43,NA,NA,8,"5,375",2,0,NA,NA,2019,3,1,MEC,5/29/19 13:43,1,1,0,P,EI,EF_AI,,EI_EF_AI,NA,NA,NA,-,-,-,-,-,-,-,-,-,-,-,-,
Rio de Janeiro,RJ,33,Silva Jardim,3305604,33026009,3,Municipal,2,1,1,4,0,0,0,0,0,0,0,0,NA,1,52,52,0,24,6,11,4,7,41,41,0,0,0,0,0,0,0,3,3,0,52,DIURNO,26,NA,NA,4,"6,5",2,0,NA,NA,2019,1,1,MEC,5/24/19 14:52,0,0,0,P,EI,EF_AI,,EI_EF_AI,NA,NA,NA,-,-,-,-,-,-,-,-,-,-,-,-,
Rio de Janeiro,RJ,33,Silva Jardim,3305604,33026050,3,Municipal,2,1,1,5,0,0,0,0,0,0,0,0,NA,1,100,100,0,34,7,23,4,19,77,77,0,0,0,0,0,0,0,0,0,0,100,DIURNO,98,NA,NA,5,"19,6",1,0,NA,NA,2019,2,1,MEC,5/24/19 12:44,0,0,0,P,EI,EF_AI,,EI_EF_AI,NA,NA,NA,-,-,-,-,-,-,-,-,-,-,-,-,
Rio de Janeiro,RJ,33,Silva Jardim,3305604,33026092,3,Municipal,1,1,0,0,1,15,0,0,1,1,1,0,1,1,369,369,0,50,19,369,111,258,0,0,0,0,0,0,0,0,0,9,9,0,369,DIURNO,187,"9,64",9/30/21 15:27,15,"12,46666667",1,0,"0,051550802",0,2019,1,1,MEC,5/24/19 18:17,0,1,0,M,EI,,,EI_,NA,NA,NA,-,-,-,-,-,-,-,-,-,-,-,-,
Rio de Janeiro,RJ,33,Silva Jardim,3305604,33026157,3,Municipal,2,1,0,0,0,0,0,0,0,0,0,9,NA,1,33,33,0,17,4,9,3,6,24,24,0,0,0,0,0,0,0,0,0,0,33,DIURNO,33,NA,NA,0,NA,1,0,NA,NA,2019,2,1,MEC,5/24/19 22:21,0,0,0,P,EI,EF_AI,,EI_EF_AI,NA,NA,NA,-,-,-,-,-,-,-,-,-,-,-,-,
Rio de Janeiro,RJ,33,Silva Jardim,3305604,33026173,3,Municipal,2,1,0,0,0,0,0,0,0,0,0,0,NA,1,18,18,0,28,2,6,0,6,12,12,0,0,0,0,0,0,0,1,1,0,18,DIURNO,18,NA,NA,0,NA,1,0,NA,NA,2019,3,1,MEC,5/29/19 13:33,1,1,0,P,EI,EF_AI,,EI_EF_AI,NA,NA,NA,-,-,-,-,-,-,-,-,-,-,-,-,
Rio de Janeiro,RJ,33,Silva Jardim,3305604,33026220,3,Municipal,2,1,0,0,0,0,0,0,1,0,0,9,1,1,38,38,0,27,4,12,3,9,26,26,0,0,0,0,0,0,0,0,0,0,38,DIURNO,38,NA,NA,0,NA,1,0,NA,NA,2019,1,1,MEC,6/6/19 10:31,0,1,0,P,EI,EF_AI,,EI_EF_AI,NA,NA,NA,-,-,-,-,-,-,-,-,-,,,,
Rio de Janeiro,RJ,33,Silva Jardim,3305604,33026343,3,Municipal,2,1,0,0,0,0,0,0,0,0,0,9,NA,1,47,47,0,11,6,14,3,11,33,33,0,0,0,0,0,0,0,0,0,0,47,DIURNO,25,NA,NA,0,NA,1,0,NA,NA,2019,2,1,MEC,5/24/19 23:55,0,0,0,P,EI,EF_AI,,EI_EF_AI,NA,NA,NA,-,-,-,-,-,-,-,-,-,-,-,-,
Rio de Janeiro,RJ,33,Silva Jardim,3305604,33132100,3,Municipal,1,1,0,0,0,0,0,0,0,0,0,0,NA,1,118,118,0,9,10,118,41,77,0,0,0,0,0,0,0,0,0,2,2,0,118,DIURNO,61,NA,NA,0,NA,1,0,NA,NA,NA,NA,NA,NA,NA,NA,NA,NA,P,EI,,,EI_,NA,NA,NA,-,-,-,-,-,-,-,-,-,-,-,-,
Rio de Janeiro,RJ,33,Silva Jardim,3305604,33150419,3,Municipal,1,1,1,5,0,0,0,0,1,0,0,1,1,1,647,647,0,7,32,78,19,59,569,337,232,0,0,0,0,0,0,44,44,0,647,DIURNO,339,NA,NA,5,"67,8",1,0,NA,NA,2019,2,1,MEC,5/24/19 15:50,0,1,0,G,EI,EF_AI,EF_AF,EI_EF_AI_EF_AF_,NA,NA,NA,PDDE QUALIDADE / Educacao Conectada 2021,0,"3.892,00","3.892,00",0,0,0,"3.892,00",0,0,0,,
Rio de Janeiro,RJ,33,Silva Jardim,3305604,33150427,3,Municipal,1,1,1,5,0,0,0,0,1,1,0,2,1,1,428,428,0,7,17,0,0,0,428,188,240,0,0,0,0,0,0,26,26,0,428,DIURNO,237,NA,NA,5,"47,4",1,0,NA,NA,2019,2,1,MEC,5/24/19 21:54,0,1,0,M,,EF_AI,EF_AF,_EF_AI_EF_AF_,NA,NA,NA,PDDE QUALIDADE / Educacao Conectada 2021,0,"3.328,00","3.328,00",0,0,0,"3.328,00",0,0,0,,
Rio de Janeiro,RJ,33,Silva Jardim,3305604,33158185,3,Municipal,1,1,0,0,0,0,0,0,0,0,0,9,NA,1,45,45,0,26,4,45,45,0,0,0,0,0,0,0,0,0,0,1,1,0,45,DIURNO,45,NA,NA,0,NA,1,0,NA,NA,2019,1,1,MEC,5/24/19 23:00,0,0,0,P,EI,,,EI_,NA,NA,NA,-,-,-,-,-,-,-,-,-,-,-,-,
Rio de Janeiro,RJ,33,Silva Jardim,3305604,33162859,3,Municipal,1,1,0,0,0,0,0,0,0,0,0,0,NA,1,458,458,0,8,23,83,29,54,375,183,192,0,0,0,0,0,0,24,24,0,458,DIURNO,335,NA,NA,0,NA,1,0,NA,NA,2019,2,1,MEC,5/24/19 20:22,0,0,0,M,EI,EF_AI,EF_AF,EI_EF_AI_EF_AF_,NA,NA,NA,-,-,-,-,-,-,-,-,-,-,-,-,
Santa Catarina,SC,42,Entre Rios,4205175,42084466,3,Municipal,1,1,0,0,0,0,0,0,1,0,1,9,1,1,59,59,0,169,6,59,59,0,0,0,0,0,0,0,0,0,0,0,0,0,59,DIURNO,49,NA,NA,0,NA,1,0,NA,NA,NA,NA,NA,NA,NA,NA,NA,NA,P,EI,,,EI_,NA,NA,NA,-,-,-,-,-,-,-,-,-,-,-,-,
Santa Catarina,SC,42,Entre Rios,4205175,42084636,3,Municipal,2,1,1,5,1,3,0,0,1,1,1,3,1,1,16,16,0,23,1,16,0,16,0,0,0,0,0,0,0,0,0,0,0,0,16,DIURNO,16,NA,NA,8,2,4,1,NA,NA,NA,NA,NA,NA,NA,NA,NA,NA,P,EI,,,EI_,NA,NA,NA,-,-,-,-,-,-,-,-,-,-,-,-,
Santa Catarina,SC,42,Entre Rios,4205175,42084784,2,Estadual,2,1,1,1,0,0,0,0,1,0,1,0,1,1,10,10,0,9,1,0,0,0,10,10,0,0,0,0,0,0,0,0,0,0,10,DIURNO,10,NA,NA,1,10,1,0,NA,NA,NA,NA,NA,NA,NA,NA,NA,NA,P,,EF_AI,,_EF_AI,NA,NA,NA,-,-,-,-,-,-,-,-,-,-,-,-,
Santa Catarina,SC,42,Entre Rios,4205175,42084938,2,Estadual,2,1,1,6,0,0,0,0,1,0,1,0,1,1,23,23,0,12,2,0,0,0,23,23,0,0,0,0,0,0,0,0,0,0,23,DIURNO,17,NA,NA,6,"2,833333333",3,1,NA,NA,NA,NA,NA,NA,NA,NA,NA,NA,P,,EF_AI,,_EF_AI,NA,NA,NA,PDDE QUALIDADE / Educacao Conectada 2020,"1.440,00","1.011,00","2.451,00",0,0,0,"2.451,00",0,0,0,,
Santa Catarina,SC,42,Entre Rios,4205175,42085055,2,Estadual,2,1,1,1,0,0,0,0,1,1,0,0,0,1,224,211,13,7,12,0,0,0,157,71,86,54,0,0,13,13,0,4,4,0,211,DIURNO,119,NA,NA,1,119,1,0,NA,NA,2019,2,1,MEC,9/16/19 16:49,0,1,0,M,,EF_AI,EF_AF,_EF_AI_EF_AF_EM,NA,NA,NA,PDDE QUALIDADE / Educacao Conectada 2021,428,"2.900,00","3.328,00",0,0,0,"3.328,00",428,"2.900,00","3.328,00",13/10/2021,EM
Santa Catarina,SC,42,Entre Rios,4205175,42085144,3,Municipal,2,1,1,5,0,0,0,0,1,1,1,3,1,1,18,18,0,72,2,0,0,0,18,18,0,0,0,0,0,0,0,0,0,0,18,DIURNO,13,NA,NA,5,"2,6",3,1,NA,NA,NA,NA,NA,NA,NA,NA,NA,NA,P,,EF_AI,,_EF_AI,NA,NA,NA,-,-,-,-,-,-,-,-,-,-,-,-,
Santa Catarina,SC,42,Entre Rios,4205175,42085268,2,Estadual,1,1,1,5,1,2,0,0,1,1,1,2,1,1,202,202,0,15,8,0,0,0,127,0,127,75,0,0,0,0,0,1,1,0,202,DIURNO,107,NA,NA,7,"15,28571429",1,0,NA,NA,NA,NA,NA,NA,NA,NA,NA,NA,M,,,EF_AF,EF_AF_EM,NA,NA,NA,PDDE QUALIDADE / Educacao Conectada 2021,"2.096,00","1.232,00","3.328,00",0,0,0,"3.328,00","2.096,00","1.232,00","3.328,00",30/09/2021,EM
Santa Catarina,SC,42,Entre Rios,4205175,42123003,3,Municipal,1,1,0,0,0,0,0,0,1,0,1,9,1,1,171,171,0,22,10,0,0,0,171,171,0,0,0,0,0,0,0,0,0,0,171,DIURNO,89,NA,NA,0,NA,1,0,NA,NA,NA,NA,NA,NA,NA,NA,NA,NA,P,,EF_AI,,_EF_AI,NA,NA,NA,-,-,-,-,-,-,-,-,-,-,-,-,
Santa Catarina,SC,42,Entre Rios,4205175,42133831,3,Municipal,1,1,0,0,0,0,0,0,1,0,1,9,1,1,58,58,0,15,4,58,0,58,0,0,0,0,0,0,0,0,0,0,0,0,58,DIURNO,32,NA,NA,0,NA,1,0,NA,NA,NA,NA,NA,NA,NA,NA,NA,NA,P,EI,,,EI_,NA,NA,NA,-,-,-,-,-,-,-,-,-,-,-,-,
Santa Catarina,SC,42,Entre Rios,4205175,42249201,3,Municipal,2,1,0,0,0,0,0,0,0,0,0,9,NA,1,34,34,0,4,1,34,0,34,0,0,0,0,0,0,0,0,0,0,0,0,34,DIURNO,24,NA,NA,0,NA,1,0,NA,NA,NA,NA,NA,NA,NA,NA,NA,NA,P,EI,,,EI_,NA,NA,NA,-,-,-,-,-,-,-,-,-,-,-,-,
Parana,PR,41,Coronel Domingos Soares,4106456,41108779,3,Municipal,2,1,0,0,0,0,0,0,0,0,0,9,NA,1,37,37,0,14,6,7,0,7,30,30,0,0,0,0,0,0,0,3,3,0,37,DIURNO,37,NA,NA,0,NA,1,0,NA,NA,NA,NA,NA,NA,NA,NA,NA,NA,P,EI,EF_AI,,EI_EF_AI,NA,NA,NA,PDDE QUALIDADE / Educacao Conectada 2021,0,"2.451,00","2.451,00",0,0,0,"2.451,00",0,"2.451,00","2.451,00",12/11/2021,
Parana,PR,41,Coronel Domingos Soares,4106456,41108787,3,Municipal,1,1,1,3,1,1,0,0,1,0,0,1,0,1,469,466,3,8,29,116,0,116,350,350,0,0,0,0,3,3,0,13,11,2,466,DIURNO,261,NA,NA,4,"65,25",1,0,NA,NA,NA,NA,NA,NA,NA,NA,NA,NA,M,EI,EF_AI,,EI_EF_AI,NA,NA,NA,PDDE QUALIDADE / Educacao Conectada 2021,0,"3.328,00","3.328,00",0,0,0,"3.328,00",0,"3.328,00","3.328,00",12/11/2021,
Parana,PR,41,Coronel Domingos Soares,4106456,41108833,3,Municipal,2,1,1,4,0,0,0,0,1,0,1,1,0,1,27,27,0,13,7,7,0,7,20,20,0,0,0,0,0,0,0,0,0,0,27,DIURNO,15,NA,NA,4,"3,75",3,1,NA,NA,NA,NA,NA,NA,NA,NA,NA,NA,P,EI,EF_AI,,EI_EF_AI,NA,NA,NA,PDDE QUALIDADE / Educacao Conectada 2021,0,"2.451,00","2.451,00",0,0,0,"2.451,00",0,"2.451,00","2.451,00",12/11/2021,
Parana,PR,41,Coronel Domingos Soares,4106456,41108876,3,Municipal,2,1,0,0,0,0,0,0,0,0,0,9,NA,1,31,31,0,28,7,7,0,7,24,24,0,0,0,0,0,0,0,1,1,0,31,DIURNO,31,NA,NA,0,NA,1,0,NA,NA,NA,NA,NA,NA,NA,NA,NA,NA,P,EI,EF_AI,,EI_EF_AI,NA,NA,NA,PDDE QUALIDADE / Educacao Conectada 2021,0,"2.451,00","2.451,00",0,0,0,"2.451,00",0,"2.451,00","2.451,00",12/11/2021,
Parana,PR,41,Coronel Domingos Soares,4106456,41109090,3,Municipal,2,1,0,0,0,0,0,0,0,0,0,9,NA,1,32,32,0,15,7,11,0,11,21,21,0,0,0,0,0,0,0,1,1,0,32,DIURNO,22,NA,NA,0,NA,1,0,NA,NA,NA,NA,NA,NA,NA,NA,NA,NA,P,EI,EF_AI,,EI_EF_AI,NA,NA,NA,PDDE QUALIDADE / Educacao Conectada 2021,0,"2.451,00","2.451,00",0,0,0,"2.451,00",0,"2.451,00","2.451,00",12/11/2021,
Parana,PR,41,Coronel Domingos Soares,4106456,41109112,3,Municipal,2,1,1,1,0,0,0,0,1,0,1,1,1,1,40,40,0,33,7,11,0,11,29,29,0,0,0,0,0,0,0,0,0,0,40,DIURNO,27,NA,NA,1,27,1,0,NA,NA,NA,NA,NA,NA,NA,NA,NA,NA,P,EI,EF_AI,,EI_EF_AI,NA,NA,NA,PDDE QUALIDADE / Educacao Conectada 2021,0,"2.451,00","2.451,00",0,0,0,"2.451,00",0,"2.451,00","2.451,00",12/11/2021,
Parana,PR,41,Coronel Domingos Soares,4106456,41109210,3,Municipal,2,1,0,0,0,0,0,0,0,0,0,0,NA,1,49,49,0,12,7,13,0,13,36,36,0,0,0,0,0,0,0,3,3,0,49,DIURNO,49,NA,NA,0,NA,1,0,NA,NA,NA,NA,NA,NA,NA,NA,NA,NA,P,EI,EF_AI,,EI_EF_AI,NA,NA,NA,PDDE QUALIDADE / Educacao Conectada 2021,0,"2.451,00","2.451,00",0,0,0,"2.451,00",0,"2.451,00","2.451,00",12/11/2021,
Parana,PR,41,Coronel Domingos Soares,4106456,41109244,2,Estadual,1,1,1,10,1,32,0,0,1,1,1,3,0,1,483,439,44,10,20,0,0,0,302,0,302,181,0,0,0,0,0,22,22,0,439,DIURNO,262,"39,13",3/7/22 23:05,42,"6,238095238",2,0,"0,149351145",0,2018,2,1,CIEB,NA,0,1,0,M,,,EF_AF,EF_AF_EM,NA,NA,NA,PDDE QUALIDADE / Educacao Conectada 2021,"2.880,00",448,"3.328,00",0,0,0,"3.328,00","2.880,00",448,"3.328,00",29/09/2021,EM
Parana,PR,41,Coronel Domingos Soares,4106456,41109368,3,Municipal,2,1,0,0,0,0,0,0,1,0,1,1,1,1,53,53,0,11,7,17,0,17,36,36,0,0,0,0,0,0,0,0,0,0,53,DIURNO,32,NA,NA,0,NA,1,0,NA,NA,NA,NA,NA,NA,NA,NA,NA,NA,P,EI,EF_AI,,EI_EF_AI,NA,NA,NA,PDDE QUALIDADE / Educacao Conectada 2021,0,"2.451,00","2.451,00",0,0,0,"2.451,00",0,"2.451,00","2.451,00",12/11/2021,
Parana,PR,41,Coronel Domingos Soares,4106456,41363590,2,Estadual,2,1,1,13,0,0,0,0,1,1,0,3,1,1,77,77,0,11,7,0,0,0,40,0,40,37,0,0,0,0,0,0,0,0,77,DIURNO,44,"4,74",3/5/22 10:26,13,"3,384615385",3,1,"0,107727273",0,2018,1,1,CIEB,NA,0,2,0,P,,,EF_AF,EF_AF_EM,NA,NA,NA,PDDE QUALIDADE / Educacao Conectada 2021,"1.978,80","472,2","2.451,00",0,0,0,"2.451,00","1.978,80","472,2","2.451,00",29/09/2021,EM
Parana,PR,41,Coronel Domingos Soares,4106456,41372786,2,Estadual,2,1,1,14,1,2,0,0,1,0,0,1,0,1,82,82,0,18,7,0,0,0,45,0,45,37,0,0,0,0,0,0,0,0,82,DIURNO,62,"11,14",3/4/22 8:48,16,"3,875",3,1,"0,179677419",0,2018,1,1,CIEB,NA,0,2,0,P,,,EF_AF,EF_AF_EM,NA,NA,NA,PDDE QUALIDADE / Educacao Conectada 2021,"1.858,80","592,2","2.451,00",0,0,0,"2.451,00","1.858,80","592,2","2.451,00",29/09/2021,EM
Parana,PR,41,Coronel Domingos Soares,4106456,41382609,3,Municipal,2,1,0,0,0,0,0,0,0,0,0,9,NA,1,13,13,0,8,4,0,0,0,13,13,0,0,0,0,0,0,0,1,1,0,13,DIURNO,13,NA,NA,0,NA,1,0,NA,NA,NA,NA,NA,NA,NA,NA,NA,NA,P,,EF_AI,,_EF_AI,NA,NA,NA,PDDE QUALIDADE / Educacao Conectada 2021,0,"2.451,00","2.451,00",0,0,0,"2.451,00",0,"2.451,00","2.451,00",12/11/2021,
Parana,PR,41,Coronel Domingos Soares,4106456,41385756,3,Municipal,1,1,0,0,0,0,0,0,1,0,1,1,1,1,83,83,0,18,5,83,83,0,0,0,0,0,0,0,0,0,0,0,0,0,83,DIURNO,68,NA,NA,0,NA,1,0,NA,NA,NA,NA,NA,NA,NA,NA,NA,NA,P,EI,,,EI_,NA,NA,NA,PDDE QUALIDADE / Educacao Conectada 2021,0,"2.451,00","2.451,00",0,0,0,"2.451,00",0,"2.451,00","2.451,00",12/11/2021,
Parana,PR,41,Coronel Domingos Soares,4106456,41385764,3,Municipal,2,1,0,0,0,0,0,0,0,0,0,9,NA,1,27,27,0,18,2,27,27,0,0,0,0,0,0,0,0,0,0,0,0,0,27,DIURNO,22,NA,NA,0,NA,1,0,NA,NA,NA,NA,NA,NA,NA,NA,NA,NA,P,EI,,,EI_,NA,NA,NA,-,-,-,-,-,-,-,-,-,-,-,-,
Parana,PR,41,Coronel Domingos Soares,4106456,41598130,2,Estadual,2,1,1,5,0,0,0,0,1,1,0,3,1,1,87,87,0,132,7,0,0,0,58,0,58,29,0,0,0,0,0,4,4,0,87,DIURNO,57,"17,13",3/3/22 11:32,5,"11,4",1,0,"0,300526316",0,2018,3,1,CIEB,NA,1,2,0,P,,,EF_AF,EF_AF_EM,NA,NA,NA,PDDE QUALIDADE / Educacao Conectada 2021,"2.451,00",0,"2.451,00",0,0,0,"2.451,00","2.451,00",0,"2.451,00",29/09/2021,EM